"","MastID","X.1","Tour","Tournament.Year","Tournament.Number","Permanent.Tournament.Number","Team.ID","Team.Number","Player.Number","Player.Name","Player.Age..years..months.days.","Event.Name","Official.Event.Y.N.","FedExCup.Points","Money","Finish.Position.numeric.","Finish.Position.text.","Round.1.Score","Round.1.Pos","Round.2.Score","Round.2.Pos","Round.3.Score","Round.3.Pos","Round.4.Score","Round.4.Pos","Round.5.Score","Round.5.Pos","Round.6.Score","Round.6.Pos","Lowest.Round","Total.Strokes","Total.Rounds.","Stroke.Average..Rank.","Scoring.Avg.Total.Adjustment.","Scoring.Avg.Total.Adjustment...Rank.","Eagles","Eagles..Rank.","Birdies","Birdies..Rank.","Pars","Bogeys","Bogeys..Rank.","Doubles","Others","Total.Holes.Over.Par","Bogey.Avoidance.Rank","Birdie.or.Better.Conv.....Birdies.","Birdie.or.Better.Conv.....Greens.Hit.","Longest.Drive","Longest.Drive..Rank.","Driving.Distance.Total.Distance.","Driving.Distance.Total.Drives.","Driving.Distance..Rank.","Driving.Dist....All.Drives.Tot..Dist..","Driving.Dist....All.Drives.Rank.","Drives.Over.300.Yards....of.Drives.","Driving.Acc....Fairways.Hit.","Driving.Acc....Possible.Fairways.","Driving.Accuracy.Rank","Total.Driving..Rank.","Left.Rough.Tendency.Total.Left.Rough.","Right.Rough.Tendency.Total.Right.Rough.","App..50.75.yds.ft.","App..50.75.yds.attempts.","App..75.100.yds.ft.","App..75.100.yds.attempts.","App..100.125.yds.ft.","App..100.125.yds.attempts.","App..50.125.Yards.ft.","App...50.125.Yards.attempts.","Approaches..125.150.Yards.ft.","Approaches...125.150.Yards.attempts.","Approaches...150.175.Yards.ft.","Approaches...150.175.Yards.attempts.","Approaches...175.200.Yards.ft.","Approaches...175.200.Yards.attempts.","Approaches....200.Yards.ft.","Approaches....200.Yards.attempts.","App..50.75.yds.ft....Rough","App..50.75.yds.attempts....Rough","App..75.100.yds.ft....Rough","App..75.100.yds.attempts....Rough","App..100.125.yds.ft....Rough","App..100.125.yds.attempts....Rough","Approaches.50.125.Yards.ft....Rough","Approaches.50.125.Yards.attempts....Rough","Approaches.125.150.Yards.ft....Rough","Approaches.125.150.Yards.attempts....Rough","Approaches.150.175.Yards.ft....Rough","Approaches.150.175.Yards.attempts....Rough","Approaches.175.200.Yards.ft....Rough","Approaches.175.200.Yards.attempts....Rough","Approaches..200.Yards.ft....Rough","Approaches....200.Yards.attempts....Rough","Total.Holes.Played","Total.Greens.in.Regulation","GIR.Rank","Total.Distance.ft..Prox.to.Hole","X..of.Attempts.Prox.to.Hole","Proximity.to.Hole..Rank.","Fairway.Prox.attempts.","Fairway.Prox.distance.in.ft.","Fairway.Prox..Rank.","Rough.Prox.attempts.","Rough.Prox.distance.in.ft.","Rough.Prox..Rank.","Left.Rough.Prox.attempts.","Left.Rough.Prox.distance.in.ft.","Right.Rough.Prox.attempts.","Right.Rough.Prox.distance.in.ft.","Going.for.Green.attempts.","Going.for.Green.non.attempts.","Going.for.the.Green.successes.","Scrambling.Par.or.Better","Scrambling.Missed.GIR","Scrambling..Rank.","Scrambling.Proximity..Total.Distance.","Scrambling.Proximity....of.shots.","Scrambling.Proximity..rank.","Scrambling.from.the.Rough.successes.","Scrambling.from.the.Rough.attempts.","Scrambling.from.the.Fringe.successes.","Scrambling.from.the.Fringe.attempts.","Scrambling....30.Yards.successes.","Scrambling....30.Yards.attempts.","Scrambling.20.30.Yards.successes.","Scrambling...20.30.Yards.attempts.","Scrambling.10.20.Yards.successes.","Scrambling.10.20.Yards.attempts.","Scrambling...10.Yards.successes.","Scrambling....10.Yards.attempts.","Sand.Save.....Saves.","Sand.Save.....Bunkers.","Sand.Save..Rank.","Prox.to.Hole.from.Sand.Total.Distance.","Prox.to.Hole.from.Sand...of.Shots.","Total.Hole.Outs","Longest.Hole.Out.yards.","Overall.Putting.Avg...of.Putts.","Putting.Avg.GIR.Putts.","One.Putt.....of.One.Putts.","X3.Putt.Avoid.Total.3.Putts.","Approach.Putt.Performance.attempts.","Approach.Putt.Performance.ft..","Avg.Distance.of.Putts.Made.Total.Distance.of.Putts.","Total.Rounds.Played","Putting.3..attempts.","Putting.3..putts.made.","Putting...4..attempts.","Putting.4..putts.made.","Putting.5..attempts.","Putting.5..putts.made.","Putting.6..attempts.","Putting.6..putts.made.","Putting.7..attempts.","Putting.7..putts.made.","Putting.8..attempts.","Putting.8..putts.made.","Putting.9..attempts.","Putting.9..putts.made.","Putting.10..attempts.","Putting.10..putts.made.","Putting.Inside.5...putts.made.","Putting.Inside.5...attempts.","Putting.Inside.5.Feet..Rank.","Putting.5....10...putts.made.","Putting.5....10...attempts.","Putting.5....10...Rank.","Putting.4..8..attempts.","Putting.4..8..putts.made.","Putting.4....8...Rank.","Putting.Inside.10..attempts.","Putting.Inside.10..putts.made.","Putting.Inside.10..rank.","Putting.10..15..attempts.","Putting...10..15..putts.made.","Putting.10..15..rank.","Putting.15.20..attempts.","Putting.15..20..putts.made.","Putting.15..20..rank.","Putting.20..25..attempts.","Putting.20..25..putts.made.","Putting.20..25..rank.","Putting..25..attempts.","Putting..25..putts.made.","Putting..25..rank.","Putting...10...putts.made.","Putting...10...attempts.","Putting...10...rank.","Total.Putts.Gained","Total.Rounds.Played.Putts.Gained.","Putts.Gained.Rank","TTL.SG.T2G","SG..T2G.Rank","TTL.SG.Total","SG..Total.Rank","OTT.SG.Avg.","OTT.SG.Rank","APP.SG.Avg.","APP.SG.Rank","ARG.SG.Avg.","ARG.SG.Rank","X","Birdie_Or_Better","Scrambling_Success","BirdieBogey_Rat","catFinalPositions"
"2602",1,2602,"R",2016,240,14,NA,0,33948,"An, Byeong Hun","24 06 24","Masters Tournament","Y ",0,"",999," CUT",77,71,74,58,0,0,0,0,0,0,0,0,74,151,2,999,-5.112,999,0,999,5,999,20,10,999,1,NA,11,999,5,17,288,134,1128,4,999,0,NA,NA,14,28,999,999,0,0,NA,0,NA,0,NA,0,NA,0,NA,0,NA,0,NA,0,"",0,NA,NA,NA,NA,NA,NA,NA,NA,NA,NA,NA,NA,NA,NA,NA,NA,36,17,999,"",0,NA,0,"",NA,0,"",NA,0,NA,0,"",0,0,0,10,19,999,NA,NA,NA,0,0,0,0,0,0,0,0,0,0,0,0,4,5,999,NA,0,0,NA,59,33,16,3,0,NA,0,0,0,0,0,0,0,0,0,0,0,0,0,0,0,0,0,0,NA,NA,NA,NA,NA,NA,0,0,NA,0,0,NA,0,0,NA,0,0,NA,0,0,NA,0,0,NA,NA,NA,NA,0,NA,NA,0,NA,0,NA,NA,NA,NA,NA,NA,NA,NA,5,0.526315789473684,0.454545454545455,"MC"
"2603",2,2603,"R",2016,240,14,NA,0,30978,"Aphibarnrat, Kiradech","26 08 18","Masters Tournament","Y ",0,"175,000.00",15," T15",72,21,72,8,77,23,70,15,0,0,0,0,70,291,4,15,-9.531,15,1,2,12,22,43,15,22,1,NA,16,17,12,44,322,21,2292,8,13,0,NA,NA,39,56,24,8,0,0,NA,0,NA,0,NA,0,NA,0,NA,0,NA,0,NA,0,"",0,NA,NA,NA,NA,NA,NA,NA,NA,NA,NA,NA,NA,NA,NA,NA,NA,72,44,25,"",0,NA,0,"",NA,0,"",NA,0,NA,0,"",0,0,0,17,28,10,NA,NA,NA,0,0,0,0,0,0,0,0,0,0,0,0,3,8,36,NA,0,0,NA,122,85,26,6,0,NA,0,0,0,0,0,0,0,0,0,0,0,0,0,0,0,0,0,0,NA,NA,NA,NA,NA,NA,0,0,NA,0,0,NA,0,0,NA,0,0,NA,0,0,NA,0,0,NA,NA,NA,NA,0,NA,NA,0,NA,0,NA,NA,NA,NA,NA,NA,NA,NA,13,0.607142857142857,0.8125,"Top25"
"2604",3,2604,"R",2016,240,14,NA,0,49575,"Bard, Derek","20 09 27","Masters Tournament","Y ",0,"",999," CUT",76,59,77,69,0,0,0,0,0,0,0,0,76,153,2,999,-5.112,999,0,999,4,999,20,11,999,1,NA,12,999,4,17,292,96,1099,4,999,0,NA,NA,14,28,999,999,0,0,NA,0,NA,0,NA,0,NA,0,NA,0,NA,0,NA,0,"",0,NA,NA,NA,NA,NA,NA,NA,NA,NA,NA,NA,NA,NA,NA,NA,NA,36,17,999,"",0,NA,0,"",NA,0,"",NA,0,NA,0,"",0,0,0,8,19,999,NA,NA,NA,0,0,0,0,0,0,0,0,0,0,0,0,2,5,999,NA,0,0,NA,57,31,16,1,0,NA,0,0,0,0,0,0,0,0,0,0,0,0,0,0,0,0,0,0,NA,NA,NA,NA,NA,NA,0,0,NA,0,0,NA,0,0,NA,0,0,NA,0,0,NA,0,0,NA,NA,NA,NA,0,NA,NA,0,NA,0,NA,NA,NA,NA,NA,NA,NA,NA,4,0.421052631578947,0.333333333333333,"MC"
"2605",4,2605,"R",2016,240,14,NA,0,40026,"Berger, Daniel","23 00 03","Masters Tournament","Y ",72.6,"230,000.00",10," T10",73,34,71,8,74,11,71,10,0,0,0,0,71,289,4,10,-9.531,10,0,22,15,11,41,16,28,NA,NA,16,17,14,49,303,46,2186,8,45,0,NA,NA,42,56,5,17,0,0,NA,0,NA,0,NA,0,NA,0,NA,0,NA,0,NA,0,"",0,NA,NA,NA,NA,NA,NA,NA,NA,NA,NA,NA,NA,NA,NA,NA,NA,72,49,5,"",0,NA,0,"",NA,0,"",NA,0,NA,0,"",0,0,0,11,23,42,NA,NA,NA,0,0,0,0,0,0,0,0,0,0,0,0,3,6,16,NA,0,0,NA,121,89,25,4,0,NA,0,0,0,0,0,0,0,0,0,0,0,0,0,0,0,0,0,0,NA,NA,NA,NA,NA,NA,0,0,NA,0,0,NA,0,0,NA,0,0,NA,0,0,NA,0,0,NA,NA,NA,NA,0,NA,NA,0,NA,0,NA,NA,NA,NA,NA,NA,NA,NA,15,0.478260869565217,0.9375,"Top25"
"2606",5,2606,"R",2016,240,14,NA,0,25274,"Bowditch, Steven","32 10 02","Masters Tournament","Y ",0,"",999," CUT",79,77,82,87,0,0,0,0,0,0,0,0,79,161,2,999,-5.112,999,0,999,2,999,19,12,999,2,1,15,999,2,17,279,250,1059,4,999,0,NA,NA,14,28,999,999,0,0,NA,0,NA,0,NA,0,NA,0,NA,0,NA,0,NA,0,"",0,NA,NA,NA,NA,NA,NA,NA,NA,NA,NA,NA,NA,NA,NA,NA,NA,36,17,999,"",0,NA,0,"",NA,0,"",NA,0,NA,0,"",0,0,0,4,19,999,NA,NA,NA,0,0,0,0,0,0,0,0,0,0,0,0,1,5,999,NA,0,0,NA,66,32,7,1,0,NA,0,0,0,0,0,0,0,0,0,0,0,0,0,0,0,0,0,0,NA,NA,NA,NA,NA,NA,0,0,NA,0,0,NA,0,0,NA,0,0,NA,0,0,NA,0,0,NA,NA,NA,NA,0,NA,NA,0,NA,0,NA,NA,NA,NA,NA,NA,NA,NA,2,0.210526315789474,0.133333333333333,"MC"
"2607",6,2607,"R",2016,240,14,NA,0,33141,"Bradley, Keegan","29 10 03","Masters Tournament","Y ",18.5,"24,900.00",52," T52",74,43,73,33,77,38,77,52,0,0,0,0,73,301,4,52,-9.531,52,0,22,11,31,41,16,28,4,NA,20,44,10,42,331,11,2274,8,17,0,NA,NA,38,56,26,13,0,0,NA,0,NA,0,NA,0,NA,0,NA,0,NA,0,NA,0,"",0,NA,NA,NA,NA,NA,NA,NA,NA,NA,NA,NA,NA,NA,NA,NA,NA,72,42,37,"",0,NA,0,"",NA,0,"",NA,0,NA,0,"",0,0,0,12,30,55,NA,NA,NA,0,0,0,0,0,0,0,0,0,0,0,0,2,7,48,NA,0,0,NA,127,79,19,4,0,NA,0,0,0,0,0,0,0,0,0,0,0,0,0,0,0,0,0,0,NA,NA,NA,NA,NA,NA,0,0,NA,0,0,NA,0,0,NA,0,0,NA,0,0,NA,0,0,NA,NA,NA,NA,0,NA,NA,0,NA,0,NA,NA,NA,NA,NA,NA,NA,NA,11,0.4,0.55,"26th-CUTLINE"
"2608",7,2608,"R",2016,240,14,NA,0,20848,"Cabrera, Angel","46 06 29","Masters Tournament","Y ",45,"89,000.00",24," T24",73,34,73,23,73,13,75,24,0,0,0,0,73,294,4,24,-9.531,24,0,22,11,31,49,9,2,2,1,12,3,10,43,299,61,2226,8,34,0,NA,NA,37,56,34,46,0,0,NA,0,NA,0,NA,0,NA,0,NA,0,NA,0,NA,0,"",0,NA,NA,NA,NA,NA,NA,NA,NA,NA,NA,NA,NA,NA,NA,NA,NA,72,43,30,"",0,NA,0,"",NA,0,"",NA,0,NA,0,"",0,0,0,19,29,3,NA,NA,NA,0,0,0,0,0,0,0,0,0,0,0,0,2,5,32,NA,0,0,NA,117,80,27,2,0,NA,0,0,0,0,0,0,0,0,0,0,0,0,0,0,0,0,0,0,NA,NA,NA,NA,NA,NA,0,0,NA,0,0,NA,0,0,NA,0,0,NA,0,0,NA,0,0,NA,NA,NA,NA,0,NA,NA,0,NA,0,NA,NA,NA,NA,NA,NA,NA,NA,11,0.655172413793103,0.916666666666667,"Top25"
"2609",8,2609,"R",2016,240,14,NA,0,26499,"Cabrera Bello, Rafa","31 10 16","Masters Tournament","Y ",0,"145,000.00",17," T17",74,43,73,33,75,32,70,17,0,0,0,0,70,292,4,17,-9.531,17,1,2,12,22,44,13,9,1,1,15,10,11,45,293,90,2257,8,25,0,NA,NA,39,56,24,16,0,0,NA,0,NA,0,NA,0,NA,0,NA,0,NA,0,NA,0,"",0,NA,NA,NA,NA,NA,NA,NA,NA,NA,NA,NA,NA,NA,NA,NA,NA,72,45,21,"",0,NA,0,"",NA,0,"",NA,0,NA,0,"",0,0,0,17,27,7,NA,NA,NA,0,0,0,0,0,0,0,0,0,0,0,0,3,7,28,NA,0,0,NA,122,89,25,5,0,NA,0,0,0,0,0,0,0,0,0,0,0,0,0,0,0,0,0,0,NA,NA,NA,NA,NA,NA,0,0,NA,0,0,NA,0,0,NA,0,0,NA,0,0,NA,0,0,NA,NA,NA,NA,0,NA,NA,0,NA,0,NA,NA,NA,NA,NA,NA,NA,NA,13,0.62962962962963,0.866666666666667,"Top25"
"2610",9,2610,"R",2016,240,14,NA,0,25364,"Casey, Paul","38 08 20","Masters Tournament","Y ",126.667,"413,333.00",4,"  T4",69,4,77,23,74,16,67,4,0,0,0,0,67,287,4,4,-9.531,4,0,22,16,5,41,15,22,NA,NA,15,10,15,44,308,34,2265,8,21,0,NA,NA,37,56,34,25,0,0,NA,0,NA,0,NA,0,NA,0,NA,0,NA,0,NA,0,"",0,NA,NA,NA,NA,NA,NA,NA,NA,NA,NA,NA,NA,NA,NA,NA,NA,72,44,25,"",0,NA,0,"",NA,0,"",NA,0,NA,0,"",0,0,0,17,28,10,NA,NA,NA,0,0,0,0,0,0,0,0,0,0,0,0,8,11,5,NA,0,0,NA,117,80,29,4,0,NA,0,0,0,0,0,0,0,0,0,0,0,0,0,0,0,0,0,0,NA,NA,NA,NA,NA,NA,0,0,NA,0,0,NA,0,0,NA,0,0,NA,0,0,NA,0,0,NA,NA,NA,NA,0,NA,NA,0,NA,0,NA,NA,NA,NA,NA,NA,NA,NA,16,0.607142857142857,1.06666666666667,"Top25"
"2611",10,2611,"R",2016,240,14,NA,0,49576,"Chaplet, Paul","16 11 23","Masters Tournament","Y ",0,"",999," CUT",83,89,82,89,0,0,0,0,0,0,0,0,82,165,2,999,-5.112,999,0,999,2,999,16,13,999,5,NA,18,999,2,17,286,148,1097,4,999,0,NA,NA,17,28,999,999,0,0,NA,0,NA,0,NA,0,NA,0,NA,0,NA,0,NA,0,"",0,NA,NA,NA,NA,NA,NA,NA,NA,NA,NA,NA,NA,NA,NA,NA,NA,36,17,999,"",0,NA,0,"",NA,0,"",NA,0,NA,0,"",0,0,0,4,19,999,NA,NA,NA,0,0,0,0,0,0,0,0,0,0,0,0,0,5,999,NA,0,0,NA,64,35,11,3,0,NA,0,0,0,0,0,0,0,0,0,0,0,0,0,0,0,0,0,0,NA,NA,NA,NA,NA,NA,0,0,NA,0,0,NA,0,0,NA,0,0,NA,0,0,NA,0,0,NA,NA,NA,NA,0,NA,NA,0,NA,0,NA,NA,NA,NA,NA,NA,NA,NA,2,0.210526315789474,0.111111111111111,"MC"
"2612",11,2612,"R",2016,240,14,NA,0,19825,"Clarke, Darren","47 07 27","Masters Tournament","Y ",0,"",999," CUT",76,59,84,86,0,0,0,0,0,0,0,0,76,160,2,999,-5.112,999,0,999,4,999,16,12,999,4,NA,16,999,4,19,279,250,1091,4,999,0,NA,NA,19,28,999,999,0,0,NA,0,NA,0,NA,0,NA,0,NA,0,NA,0,NA,0,"",0,NA,NA,NA,NA,NA,NA,NA,NA,NA,NA,NA,NA,NA,NA,NA,NA,36,19,999,"",0,NA,0,"",NA,0,"",NA,0,NA,0,"",0,0,0,5,17,999,NA,NA,NA,0,0,0,0,0,0,0,0,0,0,0,0,3,5,999,NA,0,0,NA,66,38,11,5,0,NA,0,0,0,0,0,0,0,0,0,0,0,0,0,0,0,0,0,0,NA,NA,NA,NA,NA,NA,0,0,NA,0,0,NA,0,0,NA,0,0,NA,0,0,NA,0,0,NA,NA,NA,NA,0,NA,NA,0,NA,0,NA,NA,NA,NA,NA,NA,NA,NA,4,0.294117647058824,0.25,"MC"
"2613",12,2613,"R",2016,240,14,NA,0,28089,"Day, Jason","28 04 29","Masters Tournament","Y ",72.6,"230,000.00",10," T10",72,21,73,15,71,5,73,10,0,0,0,0,71,289,4,10,-9.531,10,1,2,13,16,44,13,9,NA,1,14,6,14,46,346,3,2298,8,10,0,NA,NA,31,56,56,44,0,0,NA,0,NA,0,NA,0,NA,0,NA,0,NA,0,NA,0,"",0,NA,NA,NA,NA,NA,NA,NA,NA,NA,NA,NA,NA,NA,NA,NA,NA,72,46,11,"",0,NA,0,"",NA,0,"",NA,0,NA,0,"",0,0,0,14,26,25,NA,NA,NA,0,0,0,0,0,0,0,0,0,0,0,0,1,3,40,NA,0,0,NA,120,84,27,3,0,NA,0,0,0,0,0,0,0,0,0,0,0,0,0,0,0,0,0,0,NA,NA,NA,NA,NA,NA,0,0,NA,0,0,NA,0,0,NA,0,0,NA,0,0,NA,0,0,NA,NA,NA,NA,0,NA,NA,0,NA,0,NA,NA,NA,NA,NA,NA,NA,NA,14,0.538461538461538,1,"Top25"
"2614",13,2614,"R",2016,240,14,NA,0,47959,"DeChambeau, Bryson","22 06 25","Masters Tournament","Y ",0,"",21," T21",72,21,72,8,77,23,72,21,0,0,0,0,72,293,4,21,-9.531,21,0,22,13,16,45,11,5,2,1,14,6,12,43,334,10,2324,8,6,0,NA,NA,34,56,45,21,0,0,NA,0,NA,0,NA,0,NA,0,NA,0,NA,0,NA,0,"",0,NA,NA,NA,NA,NA,NA,NA,NA,NA,NA,NA,NA,NA,NA,NA,NA,72,43,30,"",0,NA,0,"",NA,0,"",NA,0,NA,0,"",0,0,0,18,29,8,NA,NA,NA,0,0,0,0,0,0,0,0,0,0,0,0,5,9,15,NA,0,0,NA,116,78,28,4,0,NA,0,0,0,0,0,0,0,0,0,0,0,0,0,0,0,0,0,0,NA,NA,NA,NA,NA,NA,0,0,NA,0,0,NA,0,0,NA,0,0,NA,0,0,NA,0,0,NA,NA,NA,NA,0,NA,NA,0,NA,0,NA,NA,NA,NA,NA,NA,NA,NA,13,0.620689655172414,0.928571428571429,"Top25"
"2615",14,2615,"R",2016,240,14,NA,0,25369,"Donaldson, Jamie","40 05 22","Masters Tournament","Y ",49,"116,000.00",21," T21",74,43,72,23,75,23,72,21,0,0,0,0,72,293,4,21,-9.531,21,1,2,12,22,43,13,9,3,NA,16,17,13,42,313,28,2222,8,38,0,NA,NA,33,56,49,54,0,0,NA,0,NA,0,NA,0,NA,0,NA,0,NA,0,NA,0,"",0,NA,NA,NA,NA,NA,NA,NA,NA,NA,NA,NA,NA,NA,NA,NA,NA,72,42,37,"",0,NA,0,"",NA,0,"",NA,0,NA,0,"",0,0,0,18,30,12,NA,NA,NA,0,0,0,0,0,0,0,0,0,0,0,0,5,8,8,NA,0,0,NA,116,76,32,5,0,NA,0,0,0,0,0,0,0,0,0,0,0,0,0,0,0,0,0,0,NA,NA,NA,NA,NA,NA,0,0,NA,0,0,NA,0,0,NA,0,0,NA,0,0,NA,0,0,NA,NA,NA,NA,0,NA,NA,0,NA,0,NA,NA,NA,NA,NA,NA,NA,NA,13,0.6,0.8125,"Top25"
"2616",15,2616,"R",2016,240,14,NA,0,28339,"Dubuisson, Victor","25 11 19","Masters Tournament","Y ",0,"37,000.00",42," T42",73,34,76,47,76,43,74,42,0,0,0,0,73,299,4,42,-9.531,42,0,22,12,22,40,17,41,3,NA,20,44,12,42,300,59,2249,8,26,0,NA,NA,38,56,26,23,0,0,NA,0,NA,0,NA,0,NA,0,NA,0,NA,0,NA,0,"",0,NA,NA,NA,NA,NA,NA,NA,NA,NA,NA,NA,NA,NA,NA,NA,NA,72,42,37,"",0,NA,0,"",NA,0,"",NA,0,NA,0,"",0,0,0,15,30,34,NA,NA,NA,0,0,0,0,0,0,0,0,0,0,0,0,2,6,40,NA,0,0,NA,121,81,28,5,0,NA,0,0,0,0,0,0,0,0,0,0,0,0,0,0,0,0,0,0,NA,NA,NA,NA,NA,NA,0,0,NA,0,0,NA,0,0,NA,0,0,NA,0,0,NA,0,0,NA,NA,NA,NA,0,NA,NA,0,NA,0,NA,NA,NA,NA,NA,NA,NA,NA,12,0.5,0.6,"26th-CUTLINE"
"2617",16,2617,"R",2016,240,14,NA,0,25686,"Dufner, Jason","39 00 17","Masters Tournament","Y ",0,"",999," CUT",76,59,77,69,0,0,0,0,0,0,0,0,76,153,2,999,-5.112,999,0,999,6,999,19,7,999,4,NA,11,999,6,20,283,180,1089,4,999,0,NA,NA,18,28,999,999,0,0,NA,0,NA,0,NA,0,NA,0,NA,0,NA,0,NA,0,"",0,NA,NA,NA,NA,NA,NA,NA,NA,NA,NA,NA,NA,NA,NA,NA,NA,36,20,999,"",0,NA,0,"",NA,0,"",NA,0,NA,0,"",0,0,0,7,16,999,NA,NA,NA,0,0,0,0,0,0,0,0,0,0,0,0,2,6,999,NA,0,0,NA,58,36,15,3,0,NA,0,0,0,0,0,0,0,0,0,0,0,0,0,0,0,0,0,0,NA,NA,NA,NA,NA,NA,0,0,NA,0,0,NA,0,0,NA,0,0,NA,0,0,NA,0,0,NA,NA,NA,NA,0,NA,NA,0,NA,0,NA,NA,NA,NA,NA,NA,NA,NA,6,0.4375,0.545454545454545,"MC"
"2618",17,2618,"R",2016,240,14,NA,0,6522,"Els, Ernie","46 05 24","Masters Tournament","Y ",0,"",999," CUT",80,81,73,69,0,0,0,0,0,0,0,0,73,153,2,999,-5.112,999,0,999,6,999,21,6,999,2,1,9,999,6,24,291,107,1122,4,999,0,NA,NA,18,28,999,999,0,0,NA,0,NA,0,NA,0,NA,0,NA,0,NA,0,NA,0,"",0,NA,NA,NA,NA,NA,NA,NA,NA,NA,NA,NA,NA,NA,NA,NA,NA,36,24,999,"",0,NA,0,"",NA,0,"",NA,0,NA,0,"",0,0,0,4,12,999,NA,NA,NA,0,0,0,0,0,0,0,0,0,0,0,0,0,3,999,NA,0,0,NA,68,45,11,4,0,NA,0,0,0,0,0,0,0,0,0,0,0,0,0,0,0,0,0,0,NA,NA,NA,NA,NA,NA,0,0,NA,0,0,NA,0,0,NA,0,0,NA,0,0,NA,0,0,NA,NA,NA,NA,0,NA,NA,0,NA,0,NA,NA,NA,NA,NA,NA,NA,NA,6,0.333333333333333,0.666666666666667,"MC"
"2619",18,2619,"R",2016,240,14,NA,0,34099,"English, Harris","26 08 18","Masters Tournament","Y ",26,"37,000.00",42," T42",74,43,73,33,76,34,76,42,0,0,0,0,73,299,4,42,-9.531,42,0,22,11,31,40,20,54,1,NA,21,49,10,46,327,15,2204,8,40,0,NA,NA,32,56,54,57,0,0,NA,0,NA,0,NA,0,NA,0,NA,0,NA,0,NA,0,"",0,NA,NA,NA,NA,NA,NA,NA,NA,NA,NA,NA,NA,NA,NA,NA,NA,72,46,11,"",0,NA,0,"",NA,0,"",NA,0,NA,0,"",0,0,0,13,26,34,NA,NA,NA,0,0,0,0,0,0,0,0,0,0,0,0,2,6,40,NA,0,0,NA,127,91,24,9,0,NA,0,0,0,0,0,0,0,0,0,0,0,0,0,0,0,0,0,0,NA,NA,NA,NA,NA,NA,0,0,NA,0,0,NA,0,0,NA,0,0,NA,0,0,NA,0,0,NA,NA,NA,NA,0,NA,NA,0,NA,0,NA,NA,NA,NA,NA,NA,NA,NA,11,0.5,0.523809523809524,"26th-CUTLINE"
"2620",19,2620,"R",2016,240,14,NA,0,40098,"Fitzpatrick, Matthew","21 07 09","Masters Tournament","Y ",0,"311,667.00",7,"  T7",71,13,76,33,74,23,67,7,0,0,0,0,67,288,4,7,-9.531,7,0,22,11,31,50,11,5,NA,NA,11,2,11,54,296,77,2165,8,51,0,NA,NA,41,56,10,35,0,0,NA,0,NA,0,NA,0,NA,0,NA,0,NA,0,NA,0,"",0,NA,NA,NA,NA,NA,NA,NA,NA,NA,NA,NA,NA,NA,NA,NA,NA,72,54,1,"",0,NA,0,"",NA,0,"",NA,0,NA,0,"",0,0,0,10,18,20,NA,NA,NA,0,0,0,0,0,0,0,0,0,0,0,0,2,5,32,NA,0,0,NA,128,102,19,3,0,NA,0,0,0,0,0,0,0,0,0,0,0,0,0,0,0,0,0,0,NA,NA,NA,NA,NA,NA,0,0,NA,0,0,NA,0,0,NA,0,0,NA,0,0,NA,0,0,NA,NA,NA,NA,0,NA,NA,0,NA,0,NA,NA,NA,NA,NA,NA,NA,NA,11,0.555555555555556,1,"Top25"
"2621",20,2621,"R",2016,240,14,NA,0,32102,"Fowler, Rickie","27 03 28","Masters Tournament","Y ",0,"",999," CUT",80,81,73,69,0,0,0,0,0,0,0,0,73,153,2,999,-5.112,999,0,999,6,999,19,8,999,2,1,11,999,5,16,281,213,1081,4,999,0,NA,NA,16,28,999,999,0,0,NA,0,NA,0,NA,0,NA,0,NA,0,NA,0,NA,0,"",0,NA,NA,NA,NA,NA,NA,NA,NA,NA,NA,NA,NA,NA,NA,NA,NA,36,16,999,"",0,NA,0,"",NA,0,"",NA,0,NA,0,"",0,0,0,11,20,999,NA,NA,NA,0,0,0,0,0,0,0,0,0,0,0,0,2,3,999,NA,0,0,NA,57,30,15,2,0,NA,0,0,0,0,0,0,0,0,0,0,0,0,0,0,0,0,0,0,NA,NA,NA,NA,NA,NA,0,0,NA,0,0,NA,0,0,NA,0,0,NA,0,0,NA,0,0,NA,NA,NA,NA,0,NA,NA,0,NA,0,NA,NA,NA,NA,NA,NA,NA,NA,6,0.55,0.545454545454545,"MC"
"2622",21,2622,"R",2016,240,14,NA,0,21209,"Garcia, Sergio","36 03 01","Masters Tournament","Y ",36,"56,500.00",34," T34",69,4,75,8,81,43,71,34,0,0,0,0,69,296,4,34,-9.531,34,0,22,14,12,39,16,28,3,NA,19,38,14,48,329,12,2386,8,2,0,NA,NA,33,56,49,21,0,0,NA,0,NA,0,NA,0,NA,0,NA,0,NA,0,NA,0,"",0,NA,NA,NA,NA,NA,NA,NA,NA,NA,NA,NA,NA,NA,NA,NA,NA,72,48,6,"",0,NA,0,"",NA,0,"",NA,0,NA,0,"",0,0,0,10,24,52,NA,NA,NA,0,0,0,0,0,0,0,0,0,0,0,0,2,3,6,NA,0,0,NA,127,91,24,7,0,NA,0,0,0,0,0,0,0,0,0,0,0,0,0,0,0,0,0,0,NA,NA,NA,NA,NA,NA,0,0,NA,0,0,NA,0,0,NA,0,0,NA,0,0,NA,0,0,NA,NA,NA,NA,0,NA,NA,0,NA,0,NA,NA,NA,NA,NA,NA,NA,NA,14,0.416666666666667,0.736842105263158,"26th-CUTLINE"
"2623",22,2623,"R",2016,240,14,NA,0,28679,"Gomez, Fabian","37 05 14","Masters Tournament","Y ",0,"",999," CUT",77,71,80,81,0,0,0,0,0,0,0,0,77,157,2,999,-5.112,999,0,999,2,999,19,15,999,NA,NA,15,999,2,20,288,134,1100,4,999,0,NA,NA,18,28,999,999,0,0,NA,0,NA,0,NA,0,NA,0,NA,0,NA,0,NA,0,"",0,NA,NA,NA,NA,NA,NA,NA,NA,NA,NA,NA,NA,NA,NA,NA,NA,36,20,999,"",0,NA,0,"",NA,0,"",NA,0,NA,0,"",0,0,0,4,16,999,NA,NA,NA,0,0,0,0,0,0,0,0,0,0,0,0,0,1,999,NA,0,0,NA,67,41,8,3,0,NA,0,0,0,0,0,0,0,0,0,0,0,0,0,0,0,0,0,0,NA,NA,NA,NA,NA,NA,0,0,NA,0,0,NA,0,0,NA,0,0,NA,0,0,NA,0,0,NA,NA,NA,NA,0,NA,NA,0,NA,0,NA,NA,NA,NA,NA,NA,NA,NA,2,0.25,0.133333333333333,"MC"
"2624",23,2624,"R",2016,240,14,NA,0,29974,"Grace, Branden","27 10 21","Masters Tournament","Y ",0,"",999," CUT",75,54,77,63,0,0,0,0,0,0,0,0,75,152,2,999,-5.112,999,0,999,3,999,26,5,999,1,1,7,999,3,24,283,180,1114,4,999,0,NA,NA,18,28,999,999,0,0,NA,0,NA,0,NA,0,NA,0,NA,0,NA,0,NA,0,"",0,NA,NA,NA,NA,NA,NA,NA,NA,NA,NA,NA,NA,NA,NA,NA,NA,36,24,999,"",0,NA,0,"",NA,0,"",NA,0,NA,0,"",0,0,0,8,12,999,NA,NA,NA,0,0,0,0,0,0,0,0,0,0,0,0,0,2,999,NA,0,0,NA,65,49,11,4,0,NA,0,0,0,0,0,0,0,0,0,0,0,0,0,0,0,0,0,0,NA,NA,NA,NA,NA,NA,0,0,NA,0,0,NA,0,0,NA,0,0,NA,0,0,NA,0,0,NA,NA,NA,NA,0,NA,NA,0,NA,0,NA,NA,NA,NA,NA,NA,NA,NA,3,0.666666666666667,0.428571428571429,"MC"
"2625",24,2625,"R",2016,240,14,NA,0,31646,"Grillo, Emiliano","23 06 27","Masters Tournament","Y ",54,"145,000.00",17," T17",71,13,75,23,74,16,72,17,0,0,0,0,71,292,4,17,-9.531,17,0,22,19,2,32,19,48,2,NA,21,49,19,46,302,50,2182,8,47,0,NA,NA,41,56,10,28,0,0,NA,0,NA,0,NA,0,NA,0,NA,0,NA,0,NA,0,"",0,NA,NA,NA,NA,NA,NA,NA,NA,NA,NA,NA,NA,NA,NA,NA,NA,72,46,11,"",0,NA,0,"",NA,0,"",NA,0,NA,0,"",0,0,0,7,26,57,NA,NA,NA,0,0,0,0,0,0,0,0,0,0,0,0,0,7,55,NA,0,0,NA,121,77,27,4,0,NA,0,0,0,0,0,0,0,0,0,0,0,0,0,0,0,0,0,0,NA,NA,NA,NA,NA,NA,0,0,NA,0,0,NA,0,0,NA,0,0,NA,0,0,NA,0,0,NA,NA,NA,NA,0,NA,NA,0,NA,0,NA,NA,NA,NA,NA,NA,NA,NA,19,0.269230769230769,0.904761904761905,"Top25"
"2626",25,2626,"R",2016,240,14,NA,0,24924,"Haas, Bill","33 10 17","Masters Tournament","Y ",45,"89,000.00",24," T24",75,54,74,47,72,23,73,24,0,0,0,0,72,294,4,24,-9.531,24,1,2,10,41,44,16,28,1,NA,17,26,9,43,297,72,2185,8,46,0,NA,NA,41,56,10,27,0,0,NA,0,NA,0,NA,0,NA,0,NA,0,NA,0,NA,0,"",0,NA,NA,NA,NA,NA,NA,NA,NA,NA,NA,NA,NA,NA,NA,NA,NA,72,44,25,"",0,NA,0,"",NA,0,"",NA,0,NA,0,"",0,0,0,15,28,27,NA,NA,NA,0,0,0,0,0,0,0,0,0,0,0,0,3,6,16,NA,0,0,NA,119,83,26,5,0,NA,0,0,0,0,0,0,0,0,0,0,0,0,0,0,0,0,0,0,NA,NA,NA,NA,NA,NA,0,0,NA,0,0,NA,0,0,NA,0,0,NA,0,0,NA,0,0,NA,NA,NA,NA,0,NA,NA,0,NA,0,NA,NA,NA,NA,NA,NA,NA,NA,11,0.535714285714286,0.647058823529412,"Top25"
"2627",26,2627,"R",2016,240,14,NA,0,31557,"Herman, Jim","38 05 05","Masters Tournament","Y ",0,"",999," CUT",75,54,78,69,0,0,0,0,0,0,0,0,75,153,2,999,-5.112,999,0,999,3,999,21,12,999,NA,NA,12,999,2,19,298,67,1125,4,999,0,NA,NA,19,28,999,999,0,0,NA,0,NA,0,NA,0,NA,0,NA,0,NA,0,NA,0,"",0,NA,NA,NA,NA,NA,NA,NA,NA,NA,NA,NA,NA,NA,NA,NA,NA,36,19,999,"",0,NA,0,"",NA,0,"",NA,0,NA,0,"",0,0,0,8,17,999,NA,NA,NA,0,0,0,0,0,0,0,0,0,0,0,0,0,3,999,NA,0,0,NA,66,41,7,3,0,NA,0,0,0,0,0,0,0,0,0,0,0,0,0,0,0,0,0,0,NA,NA,NA,NA,NA,NA,0,0,NA,0,0,NA,0,0,NA,0,0,NA,0,0,NA,0,0,NA,NA,NA,NA,0,NA,NA,0,NA,0,NA,NA,NA,NA,NA,NA,NA,NA,3,0.470588235294118,0.25,"MC"
"2628",27,2628,"R",2016,240,14,NA,0,12716,"Hoffman, Charley","39 03 14","Masters Tournament","Y ",40,"68,000.00",29," T29",71,13,77,42,73,23,74,29,0,0,0,0,71,295,4,29,-9.531,29,1,2,8,51,48,13,9,2,NA,15,10,9,46,318,24,2288,8,14,0,NA,NA,34,56,45,33,0,0,NA,0,NA,0,NA,0,NA,0,NA,0,NA,0,NA,0,"",0,NA,NA,NA,NA,NA,NA,NA,NA,NA,NA,NA,NA,NA,NA,NA,NA,72,46,11,"",0,NA,0,"",NA,0,"",NA,0,NA,0,"",0,0,0,15,26,16,NA,NA,NA,0,0,0,0,0,0,0,0,0,0,0,0,3,3,1,NA,0,0,NA,124,91,23,5,0,NA,0,0,0,0,0,0,0,0,0,0,0,0,0,0,0,0,0,0,NA,NA,NA,NA,NA,NA,0,0,NA,0,0,NA,0,0,NA,0,0,NA,0,0,NA,0,0,NA,NA,NA,NA,0,NA,NA,0,NA,0,NA,NA,NA,NA,NA,NA,NA,NA,9,0.576923076923077,0.6,"26th-CUTLINE"
"2629",28,2629,"R",2016,240,14,NA,0,27141,"Holmes, J.B.","33 11 15","Masters Tournament","Y ",126.667,"413,333.00",4,"  T4",72,21,73,15,74,13,68,4,0,0,0,0,68,287,4,4,-9.531,4,0,22,17,4,40,14,17,1,NA,15,10,17,44,341,5,2332,8,5,0,NA,NA,34,56,45,17,0,0,NA,0,NA,0,NA,0,NA,0,NA,0,NA,0,NA,0,"",0,NA,NA,NA,NA,NA,NA,NA,NA,NA,NA,NA,NA,NA,NA,NA,NA,72,44,25,"",0,NA,0,"",NA,0,"",NA,0,NA,0,"",0,0,0,18,28,5,NA,NA,NA,0,0,0,0,0,0,0,0,0,0,0,0,0,3,55,NA,0,0,NA,114,79,36,6,0,NA,0,0,0,0,0,0,0,0,0,0,0,0,0,0,0,0,0,0,NA,NA,NA,NA,NA,NA,0,0,NA,0,0,NA,0,0,NA,0,0,NA,0,0,NA,0,0,NA,NA,NA,NA,0,NA,NA,0,NA,0,NA,NA,NA,NA,NA,NA,NA,NA,17,0.642857142857143,1.13333333333333,"Top25"
"2630",29,2630,"R",2016,240,14,NA,0,29420,"Horschel, Billy","29 04 03","Masters Tournament","Y ",54,"145,000.00",17," T17",70,9,77,33,73,16,72,17,0,0,0,0,70,292,4,17,-9.531,17,1,2,10,41,45,16,28,NA,NA,16,17,9,45,308,34,2181,8,48,0,NA,NA,35,56,43,56,0,0,NA,0,NA,0,NA,0,NA,0,NA,0,NA,0,NA,0,"",0,NA,NA,NA,NA,NA,NA,NA,NA,NA,NA,NA,NA,NA,NA,NA,NA,72,46,11,"",0,NA,0,"",NA,0,"",NA,0,NA,0,"",0,0,0,14,26,25,NA,NA,NA,0,0,0,0,0,0,0,0,0,0,0,0,2,4,16,NA,0,0,NA,120,87,22,4,0,NA,0,0,0,0,0,0,0,0,0,0,0,0,0,0,0,0,0,0,NA,NA,NA,NA,NA,NA,0,0,NA,0,0,NA,0,0,NA,0,0,NA,0,0,NA,0,0,NA,NA,NA,NA,0,NA,NA,0,NA,0,NA,NA,NA,NA,NA,NA,NA,NA,11,0.538461538461538,0.6875,"Top25"
"2631",30,2631,"R",2016,240,14,NA,0,22378,"Immelman, Trevor","36 03 25","Masters Tournament","Y ",0,"",999," CUT",77,71,74,58,0,0,0,0,0,0,0,0,74,151,2,999,-5.112,999,0,999,2,999,25,9,999,NA,NA,9,999,2,19,293,90,1119,4,999,0,NA,NA,15,28,999,999,0,0,NA,0,NA,0,NA,0,NA,0,NA,0,NA,0,NA,0,"",0,NA,NA,NA,NA,NA,NA,NA,NA,NA,NA,NA,NA,NA,NA,NA,NA,36,19,999,"",0,NA,0,"",NA,0,"",NA,0,NA,0,"",0,0,0,9,17,999,NA,NA,NA,0,0,0,0,0,0,0,0,0,0,0,0,2,2,999,NA,0,0,NA,60,37,13,1,0,NA,0,0,0,0,0,0,0,0,0,0,0,0,0,0,0,0,0,0,NA,NA,NA,NA,NA,NA,0,0,NA,0,0,NA,0,0,NA,0,0,NA,0,0,NA,0,0,NA,NA,NA,NA,0,NA,NA,0,NA,0,NA,NA,NA,NA,NA,NA,NA,NA,2,0.529411764705882,0.222222222222222,"MC"
"2632",31,2632,"R",2016,240,14,NA,0,24511,"Jaidee, Thongchai","46 05 02","Masters Tournament","Y ",0,"23,000.00",57,"57",72,21,76,42,81,53,78,57,0,0,0,0,72,307,4,57,-9.531,57,0,22,5,57,46,18,45,3,NA,21,49,5,35,291,107,2181,8,48,0,NA,NA,40,56,15,40,0,0,NA,0,NA,0,NA,0,NA,0,NA,0,NA,0,NA,0,"",0,NA,NA,NA,NA,NA,NA,NA,NA,NA,NA,NA,NA,NA,NA,NA,NA,72,35,55,"",0,NA,0,"",NA,0,"",NA,0,NA,0,"",0,0,0,18,37,38,NA,NA,NA,0,0,0,0,0,0,0,0,0,0,0,0,4,10,32,NA,0,0,NA,121,67,25,2,0,NA,0,0,0,0,0,0,0,0,0,0,0,0,0,0,0,0,0,0,NA,NA,NA,NA,NA,NA,0,0,NA,0,0,NA,0,0,NA,0,0,NA,0,0,NA,0,0,NA,NA,NA,NA,0,NA,NA,0,NA,0,NA,NA,NA,NA,NA,NA,NA,NA,5,0.486486486486487,0.238095238095238,"26th-CUTLINE"
"2633",32,2633,"R",2016,240,14,NA,0,39826,"Jin, Cheng","18 01 04","Masters Tournament","Y ",0,"",999," CUT",79,77,78,81,0,0,0,0,0,0,0,0,78,157,2,999,-5.112,999,0,999,9,999,9,14,999,4,NA,18,999,9,20,274,333,1041,4,999,0,NA,NA,18,28,999,999,0,0,NA,0,NA,0,NA,0,NA,0,NA,0,NA,0,NA,0,"",0,NA,NA,NA,NA,NA,NA,NA,NA,NA,NA,NA,NA,NA,NA,NA,NA,36,20,999,"",0,NA,0,"",NA,0,"",NA,0,NA,0,"",0,0,0,1,16,999,NA,NA,NA,0,0,0,0,0,0,0,0,0,0,0,0,1,3,999,NA,0,0,NA,65,34,11,4,0,NA,0,0,0,0,0,0,0,0,0,0,0,0,0,0,0,0,0,0,NA,NA,NA,NA,NA,NA,0,0,NA,0,0,NA,0,0,NA,0,0,NA,0,0,NA,0,0,NA,NA,NA,NA,0,NA,NA,0,NA,0,NA,NA,NA,NA,NA,NA,NA,NA,9,0.0625,0.5,"MC"
"2634",33,2634,"R",2016,240,14,NA,0,30925,"Johnson, Dustin","31 09 19","Masters Tournament","Y ",126.667,"413,333.00",4,"  T4",73,34,71,8,72,5,71,4,0,0,0,0,71,287,4,4,-9.531,4,0,22,16,5,44,9,2,3,NA,12,3,14,42,343,4,2396,8,1,0,NA,NA,33,56,49,17,0,0,NA,0,NA,0,NA,0,NA,0,NA,0,NA,0,NA,0,"",0,NA,NA,NA,NA,NA,NA,NA,NA,NA,NA,NA,NA,NA,NA,NA,NA,72,42,37,"",0,NA,0,"",NA,0,"",NA,0,NA,0,"",0,0,0,20,30,2,NA,NA,NA,0,0,0,0,0,0,0,0,0,0,0,0,3,9,40,NA,0,0,NA,115,79,28,3,0,NA,0,0,0,0,0,0,0,0,0,0,0,0,0,0,0,0,0,0,NA,NA,NA,NA,NA,NA,0,0,NA,0,0,NA,0,0,NA,0,0,NA,0,0,NA,0,0,NA,NA,NA,NA,0,NA,NA,0,NA,0,NA,NA,NA,NA,NA,NA,NA,NA,16,0.666666666666667,1.33333333333333,"Top25"
"2635",34,2635,"R",2016,240,14,NA,0,24024,"Johnson, Zach","40 01 17","Masters Tournament","Y ",0,"",999," CUT",72,21,80,63,0,0,0,0,0,0,0,0,72,152,2,999,-5.112,999,0,999,6,999,18,11,999,NA,1,12,999,5,18,288,134,1087,4,999,0,NA,NA,18,28,999,999,0,0,NA,0,NA,0,NA,0,NA,0,NA,0,NA,0,NA,0,"",0,NA,NA,NA,NA,NA,NA,NA,NA,NA,NA,NA,NA,NA,NA,NA,NA,36,18,999,"",0,NA,0,"",NA,0,"",NA,0,NA,0,"",0,0,0,8,18,999,NA,NA,NA,0,0,0,0,0,0,0,0,0,0,0,0,1,2,999,NA,0,0,NA,60,33,12,2,0,NA,0,0,0,0,0,0,0,0,0,0,0,0,0,0,0,0,0,0,NA,NA,NA,NA,NA,NA,0,0,NA,0,0,NA,0,0,NA,0,0,NA,0,0,NA,0,0,NA,NA,NA,NA,0,NA,NA,0,NA,0,NA,NA,NA,NA,NA,NA,NA,NA,6,0.444444444444444,0.5,"MC"
"2636",35,2636,"R",2016,240,14,NA,0,46440,"Kaufman, Smylie","24 04 11","Masters Tournament","Y ",40,"68,000.00",29," T29",73,34,72,15,69,2,81,29,0,0,0,0,69,295,4,29,-9.531,29,0,22,12,22,42,17,41,1,NA,18,32,11,42,318,24,2242,8,28,0,NA,NA,37,56,34,36,0,0,NA,0,NA,0,NA,0,NA,0,NA,0,NA,0,NA,0,"",0,NA,NA,NA,NA,NA,NA,NA,NA,NA,NA,NA,NA,NA,NA,NA,NA,72,42,37,"",0,NA,0,"",NA,0,"",NA,0,NA,0,"",0,0,0,16,30,28,NA,NA,NA,0,0,0,0,0,0,0,0,0,0,0,0,1,6,54,NA,0,0,NA,121,79,25,4,0,NA,0,0,0,0,0,0,0,0,0,0,0,0,0,0,0,0,0,0,NA,NA,NA,NA,NA,NA,0,0,NA,0,0,NA,0,0,NA,0,0,NA,0,0,NA,0,0,NA,NA,NA,NA,0,NA,NA,0,NA,0,NA,NA,NA,NA,NA,NA,NA,NA,12,0.533333333333333,0.666666666666667,"26th-CUTLINE"
"2637",36,2637,"R",2016,240,14,NA,0,27408,"Kaymer, Martin","31 03 13","Masters Tournament","Y ",0,"27,467.00",49," T49",74,43,75,47,79,52,72,49,0,0,0,0,72,300,4,49,-9.531,49,1,2,11,31,36,23,57,1,NA,24,57,10,37,297,72,2267,8,20,0,NA,NA,42,56,5,4,0,0,NA,0,NA,0,NA,0,NA,0,NA,0,NA,0,NA,0,"",0,NA,NA,NA,NA,NA,NA,NA,NA,NA,NA,NA,NA,NA,NA,NA,NA,72,38,51,"",0,NA,0,"",NA,0,"",NA,0,NA,0,"",0,0,0,16,34,44,NA,NA,NA,0,0,0,0,0,0,0,0,0,0,0,0,4,7,11,NA,0,0,NA,123,73,24,7,0,NA,0,0,0,0,0,0,0,0,0,0,0,0,0,0,0,0,0,0,NA,NA,NA,NA,NA,NA,0,0,NA,0,0,NA,0,0,NA,0,0,NA,0,0,NA,0,0,NA,NA,NA,NA,0,NA,NA,0,NA,0,NA,NA,NA,NA,NA,NA,NA,NA,12,0.470588235294118,0.5,"26th-CUTLINE"
"2638",37,2638,"R",2016,240,14,NA,0,30926,"Kirk, Chris","30 11 02","Masters Tournament","Y ",0,"",999," CUT",76,59,77,69,0,0,0,0,0,0,0,0,76,153,2,999,-5.112,999,0,999,2,999,24,9,999,1,NA,10,999,2,22,301,55,1123,4,999,0,NA,NA,20,28,999,999,0,0,NA,0,NA,0,NA,0,NA,0,NA,0,NA,0,NA,0,"",0,NA,NA,NA,NA,NA,NA,NA,NA,NA,NA,NA,NA,NA,NA,NA,NA,36,22,999,"",0,NA,0,"",NA,0,"",NA,0,NA,0,"",0,0,0,6,14,999,NA,NA,NA,0,0,0,0,0,0,0,0,0,0,0,0,2,3,999,NA,0,0,NA,64,44,11,3,0,NA,0,0,0,0,0,0,0,0,0,0,0,0,0,0,0,0,0,0,NA,NA,NA,NA,NA,NA,0,0,NA,0,0,NA,0,0,NA,0,0,NA,0,0,NA,0,0,NA,NA,NA,NA,0,NA,NA,0,NA,0,NA,NA,NA,NA,NA,NA,NA,NA,2,0.428571428571429,0.2,"MC"
"2639",38,2639,"R",2016,240,14,NA,0,29478,"Kisner, Kevin","32 01 26","Masters Tournament","Y ",33.5,"50,250.00",37," T37",77,71,72,47,76,43,72,37,0,0,0,0,72,297,4,37,-9.531,37,2,1,11,31,38,19,48,1,1,21,49,11,40,298,67,2135,8,53,0,NA,NA,42,56,5,30,0,0,NA,0,NA,0,NA,0,NA,0,NA,0,NA,0,NA,0,"",0,NA,NA,NA,NA,NA,NA,NA,NA,NA,NA,NA,NA,NA,NA,NA,NA,72,40,46,"",0,NA,0,"",NA,0,"",NA,0,NA,0,"",0,0,0,13,32,54,NA,NA,NA,0,0,0,0,0,0,0,0,0,0,0,0,2,7,48,NA,0,0,NA,121,72,22,3,0,NA,0,0,0,0,0,0,0,0,0,0,0,0,0,0,0,0,0,0,NA,NA,NA,NA,NA,NA,0,0,NA,0,0,NA,0,0,NA,0,0,NA,0,0,NA,0,0,NA,NA,NA,NA,0,NA,NA,0,NA,0,NA,NA,NA,NA,NA,NA,NA,NA,13,0.40625,0.619047619047619,"26th-CUTLINE"
"2640",39,2640,"R",2016,240,14,NA,0,22986,"Kjeldsen, Soren","40 10 24","Masters Tournament","Y ",0,"311,667.00",7,"  T7",69,4,74,5,74,8,71,7,0,0,0,0,69,288,4,7,-9.531,7,0,22,13,16,46,13,9,NA,NA,13,5,13,48,281,213,2113,8,54,0,NA,NA,43,56,3,28,0,0,NA,0,NA,0,NA,0,NA,0,NA,0,NA,0,NA,0,"",0,NA,NA,NA,NA,NA,NA,NA,NA,NA,NA,NA,NA,NA,NA,NA,NA,72,48,6,"",0,NA,0,"",NA,0,"",NA,0,NA,0,"",0,0,0,12,24,34,NA,NA,NA,0,0,0,0,0,0,0,0,0,0,0,0,3,8,36,NA,0,0,NA,119,84,26,1,0,NA,0,0,0,0,0,0,0,0,0,0,0,0,0,0,0,0,0,0,NA,NA,NA,NA,NA,NA,0,0,NA,0,0,NA,0,0,NA,0,0,NA,0,0,NA,0,0,NA,NA,NA,NA,0,NA,NA,0,NA,0,NA,NA,NA,NA,NA,NA,NA,NA,13,0.5,1,"Top25"
"2641",40,2641,"R",2016,240,14,NA,0,33122,"Knox, Russell","30 09 20","Masters Tournament","Y ",0,"",999," CUT",79,77,73,63,0,0,0,0,0,0,0,0,73,152,2,999,-5.112,999,0,999,5,999,23,5,999,1,2,8,999,5,26,283,180,1099,4,999,0,NA,NA,19,28,999,999,0,0,NA,0,NA,0,NA,0,NA,0,NA,0,NA,0,NA,0,"",0,NA,NA,NA,NA,NA,NA,NA,NA,NA,NA,NA,NA,NA,NA,NA,NA,36,26,999,"",0,NA,0,"",NA,0,"",NA,0,NA,0,"",0,0,0,3,10,999,NA,NA,NA,0,0,0,0,0,0,0,0,0,0,0,0,1,3,999,NA,0,0,NA,69,51,6,3,0,NA,0,0,0,0,0,0,0,0,0,0,0,0,0,0,0,0,0,0,NA,NA,NA,NA,NA,NA,0,0,NA,0,0,NA,0,0,NA,0,0,NA,0,0,NA,0,0,NA,NA,NA,NA,0,NA,NA,0,NA,0,NA,NA,NA,NA,NA,NA,NA,NA,5,0.3,0.625,"MC"
"2642",41,2642,"R",2016,240,14,NA,0,36689,"Koepka, Brooks","25 11 07","Masters Tournament","Y ",49,"116,000.00",21," T21",73,34,72,15,76,23,72,21,0,0,0,0,72,293,4,21,-9.531,21,0,22,13,16,42,16,28,1,NA,17,26,13,46,324,18,2296,8,12,0,NA,NA,40,56,15,6,0,0,NA,0,NA,0,NA,0,NA,0,NA,0,NA,0,NA,0,"",0,NA,NA,NA,NA,NA,NA,NA,NA,NA,NA,NA,NA,NA,NA,NA,NA,72,46,11,"",0,NA,0,"",NA,0,"",NA,0,NA,0,"",0,0,0,15,26,16,NA,NA,NA,0,0,0,0,0,0,0,0,0,0,0,0,4,4,1,NA,0,0,NA,125,90,24,7,0,NA,0,0,0,0,0,0,0,0,0,0,0,0,0,0,0,0,0,0,NA,NA,NA,NA,NA,NA,0,0,NA,0,0,NA,0,0,NA,0,0,NA,0,0,NA,0,0,NA,NA,NA,NA,0,NA,NA,0,NA,0,NA,NA,NA,NA,NA,NA,NA,NA,13,0.576923076923077,0.764705882352941,"Top25"
"2643",42,2643,"R",2016,240,14,NA,0,23108,"Kuchar, Matt","37 09 20","Masters Tournament","Y ",45,"89,000.00",24," T24",75,54,73,42,72,16,74,24,0,0,0,0,72,294,4,24,-9.531,24,0,22,14,12,40,17,41,NA,1,18,32,12,45,293,90,2161,8,52,0,NA,NA,46,56,1,24,0,0,NA,0,NA,0,NA,0,NA,0,NA,0,NA,0,NA,0,"",0,NA,NA,NA,NA,NA,NA,NA,NA,NA,NA,NA,NA,NA,NA,NA,NA,72,45,21,"",0,NA,0,"",NA,0,"",NA,0,NA,0,"",0,0,0,13,27,40,NA,NA,NA,0,0,0,0,0,0,0,0,0,0,0,0,1,5,52,NA,0,0,NA,122,83,23,5,0,NA,0,0,0,0,0,0,0,0,0,0,0,0,0,0,0,0,0,0,NA,NA,NA,NA,NA,NA,0,0,NA,0,0,NA,0,0,NA,0,0,NA,0,0,NA,0,0,NA,NA,NA,NA,0,NA,NA,0,NA,0,NA,NA,NA,NA,NA,NA,NA,NA,14,0.481481481481481,0.777777777777778,"Top25"
"2644",43,2644,"R",2016,240,14,NA,0,31420,"Lahiri, Anirban","28 09 12","Masters Tournament","Y ",26,"37,000.00",42," T42",76,59,73,47,75,38,75,42,0,0,0,0,73,299,4,42,-9.531,42,0,22,9,48,47,14,17,NA,2,16,17,9,34,296,77,2216,8,39,0,NA,NA,38,56,26,41,0,0,NA,0,NA,0,NA,0,NA,0,NA,0,NA,0,NA,0,"",0,NA,NA,NA,NA,NA,NA,NA,NA,NA,NA,NA,NA,NA,NA,NA,NA,72,34,56,"",0,NA,0,"",NA,0,"",NA,0,NA,0,"",0,0,0,24,38,6,NA,NA,NA,0,0,0,0,0,0,0,0,0,0,0,0,4,7,11,NA,0,0,NA,110,62,36,4,0,NA,0,0,0,0,0,0,0,0,0,0,0,0,0,0,0,0,0,0,NA,NA,NA,NA,NA,NA,0,0,NA,0,0,NA,0,0,NA,0,0,NA,0,0,NA,0,0,NA,NA,NA,NA,0,NA,NA,0,NA,0,NA,NA,NA,NA,NA,NA,NA,NA,9,0.631578947368421,0.5625,"26th-CUTLINE"
"2645",44,2645,"R",2016,240,14,NA,0,37250,"Langasque, Romain","20 10 23","Masters Tournament","Y ",0,"",39," T39",74,43,73,33,83,56,68,39,0,0,0,0,68,298,4,39,-9.531,39,1,2,9,48,42,19,48,1,NA,20,44,8,36,288,134,2200,8,43,0,NA,NA,38,56,26,47,0,0,NA,0,NA,0,NA,0,NA,0,NA,0,NA,0,NA,0,"",0,NA,NA,NA,NA,NA,NA,NA,NA,NA,NA,NA,NA,NA,NA,NA,NA,72,37,52,"",0,NA,0,"",NA,0,"",NA,0,NA,0,"",0,0,0,17,35,39,NA,NA,NA,0,0,0,0,0,0,0,0,0,0,0,0,2,7,48,NA,0,0,NA,115,67,27,2,0,NA,0,0,0,0,0,0,0,0,0,0,0,0,0,0,0,0,0,0,NA,NA,NA,NA,NA,NA,0,0,NA,0,0,NA,0,0,NA,0,0,NA,0,0,NA,0,0,NA,NA,NA,NA,0,NA,NA,0,NA,0,NA,NA,NA,NA,NA,NA,NA,NA,10,0.485714285714286,0.5,"26th-CUTLINE"
"2646",45,2646,"R",2016,240,14,NA,0,1666,"Langer, Bernhard","58 07 14","Masters Tournament","Y ",45,"89,000.00",24," T24",72,21,73,15,70,3,79,24,0,0,0,0,70,294,4,24,-9.531,24,0,22,11,31,45,15,22,1,NA,16,17,10,46,285,160,2112,8,55,0,NA,NA,41,56,10,41,0,0,NA,0,NA,0,NA,0,NA,0,NA,0,NA,0,NA,0,"",0,NA,NA,NA,NA,NA,NA,NA,NA,NA,NA,NA,NA,NA,NA,NA,NA,72,46,11,"",0,NA,0,"",NA,0,"",NA,0,NA,0,"",0,0,0,12,26,46,NA,NA,NA,0,0,0,0,0,0,0,0,0,0,0,0,4,8,16,NA,0,0,NA,119,86,23,2,0,NA,0,0,0,0,0,0,0,0,0,0,0,0,0,0,0,0,0,0,NA,NA,NA,NA,NA,NA,0,0,NA,0,0,NA,0,0,NA,0,0,NA,0,0,NA,0,0,NA,NA,NA,NA,0,NA,NA,0,NA,0,NA,NA,NA,NA,NA,NA,NA,NA,11,0.461538461538462,0.6875,"Top25"
"2647",46,2647,"R",2016,240,14,NA,0,29926,"Lee, Danny","25 08 17","Masters Tournament","Y ",54,"145,000.00",17," T17",68,2,74,3,79,23,71,17,0,0,0,0,68,292,4,17,-9.531,17,0,22,16,5,38,16,28,2,NA,18,32,15,50,294,84,2226,8,34,0,NA,NA,36,56,39,49,0,0,NA,0,NA,0,NA,0,NA,0,NA,0,NA,0,NA,0,"",0,NA,NA,NA,NA,NA,NA,NA,NA,NA,NA,NA,NA,NA,NA,NA,NA,72,50,4,"",0,NA,0,"",NA,0,"",NA,0,NA,0,"",0,0,0,12,22,21,NA,NA,NA,0,0,0,0,0,0,0,0,0,0,0,0,3,6,16,NA,0,0,NA,125,95,27,9,0,NA,0,0,0,0,0,0,0,0,0,0,0,0,0,0,0,0,0,0,NA,NA,NA,NA,NA,NA,0,0,NA,0,0,NA,0,0,NA,0,0,NA,0,0,NA,0,0,NA,NA,NA,NA,0,NA,NA,0,NA,0,NA,NA,NA,NA,NA,NA,NA,NA,16,0.545454545454545,0.888888888888889,"Top25"
"2648",47,2648,"R",2016,240,14,NA,0,26851,"Leishman, Marc","32 05 17","Masters Tournament","Y ",0,"",999," CUT",74,43,77,58,0,0,0,0,0,0,0,0,74,151,2,999,-5.112,999,0,999,4,999,22,9,999,1,NA,10,999,4,21,308,34,1134,4,999,0,NA,NA,24,28,999,999,0,0,NA,0,NA,0,NA,0,NA,0,NA,0,NA,0,NA,0,"",0,NA,NA,NA,NA,NA,NA,NA,NA,NA,NA,NA,NA,NA,NA,NA,NA,36,21,999,"",0,NA,0,"",NA,0,"",NA,0,NA,0,"",0,0,0,5,15,999,NA,NA,NA,0,0,0,0,0,0,0,0,0,0,0,0,0,2,999,NA,0,0,NA,58,38,14,0,0,NA,0,0,0,0,0,0,0,0,0,0,0,0,0,0,0,0,0,0,NA,NA,NA,NA,NA,NA,0,0,NA,0,0,NA,0,0,NA,0,0,NA,0,0,NA,0,0,NA,NA,NA,NA,0,NA,NA,0,NA,0,NA,NA,NA,NA,NA,NA,NA,NA,4,0.333333333333333,0.4,"MC"
"2649",48,2649,"R",2016,240,14,NA,0,34409,"Lingmerth, David","28 08 19","Masters Tournament","Y ",0,"",999," CUT",79,77,73,63,0,0,0,0,0,0,0,0,73,152,2,999,-5.112,999,0,999,4,999,24,5,999,2,1,8,999,4,20,289,122,1079,4,999,0,NA,NA,24,28,999,999,0,0,NA,0,NA,0,NA,0,NA,0,NA,0,NA,0,NA,0,"",0,NA,NA,NA,NA,NA,NA,NA,NA,NA,NA,NA,NA,NA,NA,NA,NA,36,20,999,"",0,NA,0,"",NA,0,"",NA,0,NA,0,"",0,0,0,9,16,999,NA,NA,NA,0,0,0,0,0,0,0,0,0,0,0,0,2,6,999,NA,0,0,NA,60,38,15,3,0,NA,0,0,0,0,0,0,0,0,0,0,0,0,0,0,0,0,0,0,NA,NA,NA,NA,NA,NA,0,0,NA,0,0,NA,0,0,NA,0,0,NA,0,0,NA,0,0,NA,NA,NA,NA,0,NA,NA,0,NA,0,NA,NA,NA,NA,NA,NA,NA,NA,4,0.5625,0.5,"MC"
"2650",49,2650,"R",2016,240,14,NA,0,1706,"Love III, Davis","51 11 28","Masters Tournament","Y ",26,"37,000.00",42," T42",73,34,73,23,76,32,77,42,0,0,0,0,73,299,4,42,-9.531,42,1,2,12,22,36,21,55,2,NA,23,56,12,39,307,38,2233,8,30,0,NA,NA,41,56,10,10,0,0,NA,0,NA,0,NA,0,NA,0,NA,0,NA,0,NA,0,"",0,NA,NA,NA,NA,NA,NA,NA,NA,NA,NA,NA,NA,NA,NA,NA,NA,72,40,46,"",0,NA,0,"",NA,0,"",NA,0,NA,0,"",0,0,0,15,32,45,NA,NA,NA,0,0,0,0,0,0,0,0,0,0,0,0,2,6,40,NA,0,0,NA,123,76,26,7,0,NA,0,0,0,0,0,0,0,0,0,0,0,0,0,0,0,0,0,0,NA,NA,NA,NA,NA,NA,0,0,NA,0,0,NA,0,0,NA,0,0,NA,0,0,NA,0,0,NA,NA,NA,NA,0,NA,NA,0,NA,0,NA,NA,NA,NA,NA,NA,NA,NA,13,0.46875,0.565217391304348,"26th-CUTLINE"
"2651",50,2651,"R",2016,240,14,NA,0,33204,"Lowry, Shane","29 00 08","Masters Tournament","Y ",31,"46,000.00",39," T39",68,2,76,8,79,34,75,39,0,0,0,0,68,298,4,39,-9.531,39,1,2,11,31,40,18,45,1,1,20,44,11,41,299,61,2260,8,23,0,NA,NA,36,56,39,36,0,0,NA,0,NA,0,NA,0,NA,0,NA,0,NA,0,NA,0,"",0,NA,NA,NA,NA,NA,NA,NA,NA,NA,NA,NA,NA,NA,NA,NA,NA,72,42,37,"",0,NA,0,"",NA,0,"",NA,0,NA,0,"",0,0,0,13,30,50,NA,NA,NA,0,0,0,0,0,0,0,0,0,0,0,0,1,5,52,NA,0,0,NA,117,75,26,3,0,NA,0,0,0,0,0,0,0,0,0,0,0,0,0,0,0,0,0,0,NA,NA,NA,NA,NA,NA,0,0,NA,0,0,NA,0,0,NA,0,0,NA,0,0,NA,0,0,NA,NA,NA,NA,0,NA,NA,0,NA,0,NA,NA,NA,NA,NA,NA,NA,NA,12,0.433333333333333,0.6,"26th-CUTLINE"
"2652",51,2652,"R",2016,240,14,NA,0,1717,"Lyle, Sandy","58 02 01","Masters Tournament","Y ",0,"",999," CUT",76,59,81,81,0,0,0,0,0,0,0,0,76,157,2,999,-5.112,999,0,999,NA,999,26,8,999,1,1,10,999,0,17,278,270,1055,4,999,0,NA,NA,24,28,999,999,0,0,NA,0,NA,0,NA,0,NA,0,NA,0,NA,0,NA,0,"",0,NA,NA,NA,NA,NA,NA,NA,NA,NA,NA,NA,NA,NA,NA,NA,NA,36,17,999,"",0,NA,0,"",NA,0,"",NA,0,NA,0,"",0,0,0,13,19,999,NA,NA,NA,0,0,0,0,0,0,0,0,0,0,0,0,1,1,999,NA,0,0,NA,61,38,15,4,0,NA,0,0,0,0,0,0,0,0,0,0,0,0,0,0,0,0,0,0,NA,NA,NA,NA,NA,NA,0,0,NA,0,0,NA,0,0,NA,0,0,NA,0,0,NA,0,0,NA,NA,NA,NA,0,NA,NA,0,NA,0,NA,NA,NA,NA,NA,NA,NA,NA,NA,0.684210526315789,NA,"MC"
"2653",52,2653,"R",2016,240,14,NA,0,24781,"Mahan, Hunter","33 10 24","Masters Tournament","Y ",17,"24,000.00",54,"54",73,34,75,42,78,48,76,54,0,0,0,0,73,302,4,54,-9.531,54,0,22,14,12,36,16,28,6,NA,22,55,13,45,303,46,2240,8,29,0,NA,NA,38,56,26,25,0,0,NA,0,NA,0,NA,0,NA,0,NA,0,NA,0,NA,0,"",0,NA,NA,NA,NA,NA,NA,NA,NA,NA,NA,NA,NA,NA,NA,NA,NA,72,45,21,"",0,NA,0,"",NA,0,"",NA,0,NA,0,"",0,0,0,11,27,53,NA,NA,NA,0,0,0,0,0,0,0,0,0,0,0,0,1,3,40,NA,0,0,NA,128,88,23,8,0,NA,0,0,0,0,0,0,0,0,0,0,0,0,0,0,0,0,0,0,NA,NA,NA,NA,NA,NA,0,0,NA,0,0,NA,0,0,NA,0,0,NA,0,0,NA,0,0,NA,NA,NA,NA,0,NA,NA,0,NA,0,NA,NA,NA,NA,NA,NA,NA,NA,14,0.407407407407407,0.636363636363636,"26th-CUTLINE"
"2654",53,2654,"R",2016,240,14,NA,0,32839,"Matsuyama, Hideki","24 01 16","Masters Tournament","Y ",94,"311,667.00",7,"  T7",71,13,72,5,72,3,73,7,0,0,0,0,71,288,4,7,-9.531,7,0,22,16,5,41,14,17,1,NA,15,10,16,43,322,21,2287,8,15,0,NA,NA,40,56,15,7,0,0,NA,0,NA,0,NA,0,NA,0,NA,0,NA,0,NA,0,"",0,NA,NA,NA,NA,NA,NA,NA,NA,NA,NA,NA,NA,NA,NA,NA,NA,72,43,30,"",0,NA,0,"",NA,0,"",NA,0,NA,0,"",0,0,0,15,29,30,NA,NA,NA,0,0,0,0,0,0,0,0,0,0,0,0,4,8,16,NA,0,0,NA,119,76,26,1,0,NA,0,0,0,0,0,0,0,0,0,0,0,0,0,0,0,0,0,0,NA,NA,NA,NA,NA,NA,0,0,NA,0,0,NA,0,0,NA,0,0,NA,0,0,NA,0,0,NA,NA,NA,NA,0,NA,NA,0,NA,0,NA,NA,NA,NA,NA,NA,NA,NA,16,0.517241379310345,1.06666666666667,"Top25"
"2655",54,2655,"R",2016,240,14,NA,0,25572,"McDowell, Graeme","36 08 11","Masters Tournament","Y ",0,"",999," CUT",72,21,81,69,0,0,0,0,0,0,0,0,72,153,2,999,-5.112,999,0,999,5,999,18,12,999,1,NA,13,999,5,21,283,180,1089,4,999,0,NA,NA,18,28,999,999,0,0,NA,0,NA,0,NA,0,NA,0,NA,0,NA,0,NA,0,"",0,NA,NA,NA,NA,NA,NA,NA,NA,NA,NA,NA,NA,NA,NA,NA,NA,36,21,999,"",0,NA,0,"",NA,0,"",NA,0,NA,0,"",0,0,0,6,15,999,NA,NA,NA,0,0,0,0,0,0,0,0,0,0,0,0,1,3,999,NA,0,0,NA,63,41,13,4,0,NA,0,0,0,0,0,0,0,0,0,0,0,0,0,0,0,0,0,0,NA,NA,NA,NA,NA,NA,0,0,NA,0,0,NA,0,0,NA,0,0,NA,0,0,NA,0,0,NA,NA,NA,NA,0,NA,NA,0,NA,0,NA,NA,NA,NA,NA,NA,NA,NA,5,0.4,0.384615384615385,"MC"
"2656",55,2656,"R",2016,240,14,NA,0,28237,"McIlroy, Rory","26 11 06","Masters Tournament","Y ",72.6,"230,000.00",10," T10",70,9,71,2,77,11,71,10,0,0,0,0,70,289,4,10,-9.531,10,1,2,16,5,38,15,22,2,NA,17,26,17,46,320,23,2298,8,10,0,NA,NA,40,56,15,4,0,0,NA,0,NA,0,NA,0,NA,0,NA,0,NA,0,NA,0,"",0,NA,NA,NA,NA,NA,NA,NA,NA,NA,NA,NA,NA,NA,NA,NA,NA,72,46,11,"",0,NA,0,"",NA,0,"",NA,0,NA,0,"",0,0,0,12,26,46,NA,NA,NA,0,0,0,0,0,0,0,0,0,0,0,0,2,6,40,NA,0,0,NA,123,84,25,4,0,NA,0,0,0,0,0,0,0,0,0,0,0,0,0,0,0,0,0,0,NA,NA,NA,NA,NA,NA,0,0,NA,0,0,NA,0,0,NA,0,0,NA,0,0,NA,0,0,NA,NA,NA,NA,0,NA,NA,0,NA,0,NA,NA,NA,NA,NA,NA,NA,NA,17,0.461538461538462,1,"Top25"
"2657",56,2657,"R",2016,240,14,NA,0,32640,"Merritt, Troy","30 05 16","Masters Tournament","Y ",26,"37,000.00",42," T42",74,43,71,15,79,38,75,42,0,0,0,0,71,299,4,42,-9.531,42,0,22,8,51,49,11,5,4,NA,15,10,8,39,304,45,2258,8,24,0,NA,NA,40,56,15,9,0,0,NA,0,NA,0,NA,0,NA,0,NA,0,NA,0,NA,0,"",0,NA,NA,NA,NA,NA,NA,NA,NA,NA,NA,NA,NA,NA,NA,NA,NA,72,39,49,"",0,NA,0,"",NA,0,"",NA,0,NA,0,"",0,0,0,18,33,21,NA,NA,NA,0,0,0,0,0,0,0,0,0,0,0,0,2,3,6,NA,0,0,NA,114,70,30,0,0,NA,0,0,0,0,0,0,0,0,0,0,0,0,0,0,0,0,0,0,NA,NA,NA,NA,NA,NA,0,0,NA,0,0,NA,0,0,NA,0,0,NA,0,0,NA,0,0,NA,NA,NA,NA,0,NA,NA,0,NA,0,NA,NA,NA,NA,NA,NA,NA,NA,8,0.545454545454545,0.533333333333333,"26th-CUTLINE"
"2658",57,2658,"R",2016,240,14,NA,0,1810,"Mickelson, Phil","45 09 25","Masters Tournament","Y ",0,"",999," CUT",72,21,79,58,0,0,0,0,0,0,0,0,72,151,2,999,-5.112,999,0,999,7,999,18,8,999,3,NA,11,999,7,25,286,148,1062,4,999,0,NA,NA,16,28,999,999,0,0,NA,0,NA,0,NA,0,NA,0,NA,0,NA,0,NA,0,"",0,NA,NA,NA,NA,NA,NA,NA,NA,NA,NA,NA,NA,NA,NA,NA,NA,36,25,999,"",0,NA,0,"",NA,0,"",NA,0,NA,0,"",0,0,0,3,11,999,NA,NA,NA,0,0,0,0,0,0,0,0,0,0,0,0,3,7,999,NA,0,0,NA,63,46,12,3,0,NA,0,0,0,0,0,0,0,0,0,0,0,0,0,0,0,0,0,0,NA,NA,NA,NA,NA,NA,0,0,NA,0,0,NA,0,0,NA,0,0,NA,0,0,NA,0,0,NA,NA,NA,NA,0,NA,NA,0,NA,0,NA,NA,NA,NA,NA,NA,NA,NA,7,0.272727272727273,0.636363636363636,"MC"
"2659",58,2659,"R",2016,240,14,NA,0,1823,"Mize, Larry","57 06 18","Masters Tournament","Y ",18.5,"24,900.00",52," T52",76,59,73,47,78,50,74,52,0,0,0,0,73,301,4,52,-9.531,52,0,22,10,41,41,19,48,2,NA,21,49,9,31,274,333,1959,8,57,0,NA,NA,42,56,5,36,0,0,NA,0,NA,0,NA,0,NA,0,NA,0,NA,0,NA,0,"",0,NA,NA,NA,NA,NA,NA,NA,NA,NA,NA,NA,NA,NA,NA,NA,NA,72,31,57,"",0,NA,0,"",NA,0,"",NA,0,NA,0,"",0,0,0,24,41,14,NA,NA,NA,0,0,0,0,0,0,0,0,0,0,0,0,4,5,4,NA,0,0,NA,112,57,34,4,0,NA,0,0,0,0,0,0,0,0,0,0,0,0,0,0,0,0,0,0,NA,NA,NA,NA,NA,NA,0,0,NA,0,0,NA,0,0,NA,0,0,NA,0,0,NA,0,0,NA,NA,NA,NA,0,NA,NA,0,NA,0,NA,NA,NA,NA,NA,NA,NA,NA,10,0.585365853658537,0.476190476190476,"26th-CUTLINE"
"2660",59,2660,"R",2016,240,14,NA,0,26596,"Moore, Ryan","33 04 05","Masters Tournament","Y ",0,"",999," CUT",80,81,75,78,0,0,0,0,0,0,0,0,75,155,2,999,-5.112,999,0,999,5,999,17,12,999,2,NA,14,999,5,18,268,415,997,4,999,0,NA,NA,19,28,999,999,0,0,NA,0,NA,0,NA,0,NA,0,NA,0,NA,0,NA,0,"",0,NA,NA,NA,NA,NA,NA,NA,NA,NA,NA,NA,NA,NA,NA,NA,NA,36,18,999,"",0,NA,0,"",NA,0,"",NA,0,NA,0,"",0,0,0,6,18,999,NA,NA,NA,0,0,0,0,0,0,0,0,0,0,0,0,1,2,999,NA,0,0,NA,61,33,13,2,0,NA,0,0,0,0,0,0,0,0,0,0,0,0,0,0,0,0,0,0,NA,NA,NA,NA,NA,NA,0,0,NA,0,0,NA,0,0,NA,0,0,NA,0,0,NA,0,0,NA,NA,NA,NA,0,NA,NA,0,NA,0,NA,NA,NA,NA,NA,NA,NA,NA,5,0.333333333333333,0.357142857142857,"MC"
"2661",60,2661,"R",2016,240,14,NA,0,25396,"Na, Kevin","32 06 26","Masters Tournament","Y ",15.5,"23,400.00",55," T55",72,21,74,23,85,57,72,55,0,0,0,0,72,303,4,55,-9.531,55,1,2,8,51,45,12,8,5,1,18,32,9,43,277,293,2090,8,56,0,NA,NA,40,56,15,48,0,0,NA,0,NA,0,NA,0,NA,0,NA,0,NA,0,NA,0,"",0,NA,NA,NA,NA,NA,NA,NA,NA,NA,NA,NA,NA,NA,NA,NA,NA,72,43,30,"",0,NA,0,"",NA,0,"",NA,0,NA,0,"",0,0,0,15,29,30,NA,NA,NA,0,0,0,0,0,0,0,0,0,0,0,0,2,7,48,NA,0,0,NA,128,84,23,5,0,NA,0,0,0,0,0,0,0,0,0,0,0,0,0,0,0,0,0,0,NA,NA,NA,NA,NA,NA,0,0,NA,0,0,NA,0,0,NA,0,0,NA,0,0,NA,0,0,NA,NA,NA,NA,0,NA,NA,0,NA,0,NA,NA,NA,NA,NA,NA,NA,NA,9,0.517241379310345,0.5,"26th-CUTLINE"
"2662",61,2662,"R",2016,240,14,NA,0,1887,"O'Meara, Mark","59 02 28","Masters Tournament","Y ",0,"",999," CUT",77,71,80,81,0,0,0,0,0,0,0,0,77,157,2,999,-5.112,999,0,999,4,999,19,11,999,1,1,13,999,4,17,261,483,1031,4,999,0,NA,NA,20,28,999,999,0,0,NA,0,NA,0,NA,0,NA,0,NA,0,NA,0,NA,0,"",0,NA,NA,NA,NA,NA,NA,NA,NA,NA,NA,NA,NA,NA,NA,NA,NA,36,17,999,"",0,NA,0,"",NA,0,"",NA,0,NA,0,"",0,0,0,8,19,999,NA,NA,NA,0,0,0,0,0,0,0,0,0,0,0,0,0,1,999,NA,0,0,NA,61,32,13,2,0,NA,0,0,0,0,0,0,0,0,0,0,0,0,0,0,0,0,0,0,NA,NA,NA,NA,NA,NA,0,0,NA,0,0,NA,0,0,NA,0,0,NA,0,0,NA,0,0,NA,NA,NA,NA,0,NA,NA,0,NA,0,NA,NA,NA,NA,NA,NA,NA,NA,4,0.421052631578947,0.307692307692308,"MC"
"2663",62,2663,"R",2016,240,14,NA,0,26329,"Oosthuizen, Louis","33 05 22","Masters Tournament","Y ",60,"175,000.00",15," T15",72,21,77,47,71,16,71,15,0,0,0,0,71,291,4,15,-9.531,15,1,2,11,31,44,16,28,NA,NA,16,17,11,46,312,29,2312,8,9,0,NA,NA,43,56,3,1,0,0,NA,0,NA,0,NA,0,NA,0,NA,0,NA,0,NA,0,"",0,NA,NA,NA,NA,NA,NA,NA,NA,NA,NA,NA,NA,NA,NA,NA,NA,72,47,10,"",0,NA,0,"",NA,0,"",NA,0,NA,0,"",0,0,0,12,25,41,NA,NA,NA,0,0,0,0,0,0,0,0,0,0,0,0,4,9,27,NA,0,0,NA,121,86,24,3,0,NA,0,0,0,0,0,0,0,0,0,0,0,0,0,0,0,0,0,0,NA,NA,NA,NA,NA,NA,0,0,NA,0,0,NA,0,0,NA,0,0,NA,0,0,NA,0,0,NA,NA,NA,NA,0,NA,NA,0,NA,0,NA,NA,NA,NA,NA,NA,NA,NA,12,0.48,0.75,"Top25"
"2664",63,2664,"R",2016,240,14,NA,0,25818,"Piercy, Scott","37 05 04","Masters Tournament","Y ",40,"68,000.00",29," T29",70,9,72,3,79,23,74,29,0,0,0,0,70,295,4,29,-9.531,29,1,2,10,41,45,14,17,1,1,16,17,11,46,297,72,2248,8,27,0,NA,NA,40,56,15,11,0,0,NA,0,NA,0,NA,0,NA,0,NA,0,NA,0,NA,0,"",0,NA,NA,NA,NA,NA,NA,NA,NA,NA,NA,NA,NA,NA,NA,NA,NA,72,46,11,"",0,NA,0,"",NA,0,"",NA,0,NA,0,"",0,0,0,11,26,51,NA,NA,NA,0,0,0,0,0,0,0,0,0,0,0,0,3,7,28,NA,0,0,NA,126,86,20,2,0,NA,0,0,0,0,0,0,0,0,0,0,0,0,0,0,0,0,0,0,NA,NA,NA,NA,NA,NA,0,0,NA,0,0,NA,0,0,NA,0,0,NA,0,0,NA,0,0,NA,NA,NA,NA,0,NA,NA,0,NA,0,NA,NA,NA,NA,NA,NA,NA,NA,11,0.423076923076923,0.6875,"26th-CUTLINE"
"2665",64,2665,"R",2016,240,14,NA,0,24138,"Poulter, Ian","40 03 00","Masters Tournament","Y ",21,"27,467.00",49," T49",69,4,78,33,82,53,71,49,0,0,0,0,69,300,4,49,-9.531,49,0,22,10,41,43,16,28,3,NA,19,38,10,37,294,84,2177,8,50,0,NA,NA,40,56,15,41,0,0,NA,0,NA,0,NA,0,NA,0,NA,0,NA,0,NA,0,"",0,NA,NA,NA,NA,NA,NA,NA,NA,NA,NA,NA,NA,NA,NA,NA,NA,72,37,52,"",0,NA,0,"",NA,0,"",NA,0,NA,0,"",0,0,0,19,35,23,NA,NA,NA,0,0,0,0,0,0,0,0,0,0,0,0,5,8,8,NA,0,0,NA,119,71,30,4,0,NA,0,0,0,0,0,0,0,0,0,0,0,0,0,0,0,0,0,0,NA,NA,NA,NA,NA,NA,0,0,NA,0,0,NA,0,0,NA,0,0,NA,0,0,NA,0,0,NA,NA,NA,NA,0,NA,NA,0,NA,0,NA,NA,NA,NA,NA,NA,NA,NA,10,0.542857142857143,0.526315789473684,"26th-CUTLINE"
"2666",65,2666,"R",2016,240,14,NA,0,34360,"Reed, Patrick","25 08 05","Masters Tournament","Y ",21,"27,467.00",49," T49",76,59,73,47,75,38,76,49,0,0,0,0,73,300,4,49,-9.531,49,1,2,7,56,45,17,41,2,NA,19,38,8,41,301,55,2268,8,19,0,NA,NA,36,56,39,30,0,0,NA,0,NA,0,NA,0,NA,0,NA,0,NA,0,NA,0,"",0,NA,NA,NA,NA,NA,NA,NA,NA,NA,NA,NA,NA,NA,NA,NA,NA,72,41,45,"",0,NA,0,"",NA,0,"",NA,0,NA,0,"",0,0,0,16,31,32,NA,NA,NA,0,0,0,0,0,0,0,0,0,0,0,0,4,7,11,NA,0,0,NA,126,82,21,5,0,NA,0,0,0,0,0,0,0,0,0,0,0,0,0,0,0,0,0,0,NA,NA,NA,NA,NA,NA,0,0,NA,0,0,NA,0,0,NA,0,0,NA,0,0,NA,0,0,NA,NA,NA,NA,0,NA,NA,0,NA,0,NA,NA,NA,NA,NA,NA,NA,NA,8,0.516129032258065,0.421052631578947,"26th-CUTLINE"
"2667",66,2667,"R",2016,240,14,NA,0,22405,"Rose, Justin","35 08 11","Masters Tournament","Y ",72.6,"230,000.00",10," T10",69,4,77,23,73,13,70,10,0,0,0,0,69,289,4,10,-9.531,10,0,22,19,2,34,18,45,1,NA,19,38,17,52,328,13,2318,8,8,0,NA,NA,37,56,34,11,0,0,NA,0,NA,0,NA,0,NA,0,NA,0,NA,0,NA,0,"",0,NA,NA,NA,NA,NA,NA,NA,NA,NA,NA,NA,NA,NA,NA,NA,NA,72,52,2,"",0,NA,0,"",NA,0,"",NA,0,NA,0,"",0,0,0,7,20,56,NA,NA,NA,0,0,0,0,0,0,0,0,0,0,0,0,2,6,40,NA,0,0,NA,126,95,21,7,0,NA,0,0,0,0,0,0,0,0,0,0,0,0,0,0,0,0,0,0,NA,NA,NA,NA,NA,NA,0,0,NA,0,0,NA,0,0,NA,0,0,NA,0,0,NA,0,0,NA,NA,NA,NA,0,NA,NA,0,NA,0,NA,NA,NA,NA,NA,NA,NA,NA,19,0.35,1,"Top25"
"2668",67,2668,"R",2016,240,14,NA,0,28071,"Schmitz, Sammy","35 07 03","Masters Tournament","Y ",0,"",999," CUT",81,86,75,79,0,0,0,0,0,0,0,0,75,156,2,999,-5.112,999,0,999,5,999,17,11,999,3,NA,14,999,5,15,278,270,1042,4,999,0,NA,NA,19,28,999,999,0,0,NA,0,NA,0,NA,0,NA,0,NA,0,NA,0,NA,0,"",0,NA,NA,NA,NA,NA,NA,NA,NA,NA,NA,NA,NA,NA,NA,NA,NA,36,15,999,"",0,NA,0,"",NA,0,"",NA,0,NA,0,"",0,0,0,8,21,999,NA,NA,NA,0,0,0,0,0,0,0,0,0,0,0,0,1,3,999,NA,0,0,NA,60,26,15,3,0,NA,0,0,0,0,0,0,0,0,0,0,0,0,0,0,0,0,0,0,NA,NA,NA,NA,NA,NA,0,0,NA,0,0,NA,0,0,NA,0,0,NA,0,0,NA,0,0,NA,NA,NA,NA,0,NA,NA,0,NA,0,NA,NA,NA,NA,NA,NA,NA,NA,5,0.380952380952381,0.357142857142857,"MC"
"2669",68,2669,"R",2016,240,14,NA,0,26331,"Schwartzel, Charl","31 07 10","Masters Tournament","Y ",0,"",999," CUT",76,59,76,63,0,0,0,0,0,0,0,0,76,152,2,999,-5.112,999,0,999,3,999,23,9,999,1,NA,10,999,3,21,280,234,1081,4,999,0,NA,NA,17,28,999,999,0,0,NA,0,NA,0,NA,0,NA,0,NA,0,NA,0,NA,0,"",0,NA,NA,NA,NA,NA,NA,NA,NA,NA,NA,NA,NA,NA,NA,NA,NA,36,21,999,"",0,NA,0,"",NA,0,"",NA,0,NA,0,"",0,0,0,6,15,999,NA,NA,NA,0,0,0,0,0,0,0,0,0,0,0,0,0,2,999,NA,0,0,NA,62,41,9,1,0,NA,0,0,0,0,0,0,0,0,0,0,0,0,0,0,0,0,0,0,NA,NA,NA,NA,NA,NA,0,0,NA,0,0,NA,0,0,NA,0,0,NA,0,0,NA,0,0,NA,NA,NA,NA,0,NA,NA,0,NA,0,NA,NA,NA,NA,NA,NA,NA,NA,3,0.4,0.3,"MC"
"2670",69,2670,"R",2016,240,14,NA,0,24502,"Scott, Adam","35 08 25","Masters Tournament","Y ",26,"37,000.00",42," T42",76,59,72,42,75,34,76,42,0,0,0,0,72,299,4,42,-9.531,42,0,22,10,41,41,21,55,NA,NA,21,49,10,37,350,1,2370,8,3,0,NA,NA,30,56,57,34,0,0,NA,0,NA,0,NA,0,NA,0,NA,0,NA,0,NA,0,"",0,NA,NA,NA,NA,NA,NA,NA,NA,NA,NA,NA,NA,NA,NA,NA,NA,72,37,52,"",0,NA,0,"",NA,0,"",NA,0,NA,0,"",0,0,0,19,35,23,NA,NA,NA,0,0,0,0,0,0,0,0,0,0,0,0,5,10,16,NA,0,0,NA,120,71,30,6,0,NA,0,0,0,0,0,0,0,0,0,0,0,0,0,0,0,0,0,0,NA,NA,NA,NA,NA,NA,0,0,NA,0,0,NA,0,0,NA,0,0,NA,0,0,NA,0,0,NA,NA,NA,NA,0,NA,NA,0,NA,0,NA,NA,NA,NA,NA,NA,NA,NA,10,0.542857142857143,0.476190476190476,"26th-CUTLINE"
"2671",70,2671,"R",2016,240,14,NA,0,29221,"Simpson, Webb","30 08 02","Masters Tournament","Y ",40,"68,000.00",29," T29",77,71,72,47,74,34,72,29,0,0,0,0,72,295,4,29,-9.531,29,1,2,12,22,42,14,17,2,1,17,26,12,42,307,38,2231,8,31,0,NA,NA,40,56,15,15,0,0,NA,0,NA,0,NA,0,NA,0,NA,0,NA,0,NA,0,"",0,NA,NA,NA,NA,NA,NA,NA,NA,NA,NA,NA,NA,NA,NA,NA,NA,72,42,37,"",0,NA,0,"",NA,0,"",NA,0,NA,0,"",0,0,0,16,30,28,NA,NA,NA,0,0,0,0,0,0,0,0,0,0,0,0,6,12,16,NA,0,0,NA,121,78,25,4,0,NA,0,0,0,0,0,0,0,0,0,0,0,0,0,0,0,0,0,0,NA,NA,NA,NA,NA,NA,0,0,NA,0,0,NA,0,0,NA,0,0,NA,0,0,NA,0,0,NA,NA,NA,NA,0,NA,NA,0,NA,0,NA,NA,NA,NA,NA,NA,NA,NA,13,0.533333333333333,0.764705882352941,"26th-CUTLINE"
"2672",71,2672,"R",2016,240,14,NA,0,6567,"Singh, Vijay","53 01 19","Masters Tournament","Y ",0,"",999," CUT",80,81,73,69,0,0,0,0,0,0,0,0,73,153,2,999,-5.112,999,0,999,3,999,22,10,999,1,NA,11,999,3,22,292,96,1121,4,999,0,NA,NA,19,28,999,999,0,0,NA,0,NA,0,NA,0,NA,0,NA,0,NA,0,NA,0,"",0,NA,NA,NA,NA,NA,NA,NA,NA,NA,NA,NA,NA,NA,NA,NA,NA,36,22,999,"",0,NA,0,"",NA,0,"",NA,0,NA,0,"",0,0,0,7,14,999,NA,NA,NA,0,0,0,0,0,0,0,0,0,0,0,0,0,4,999,NA,0,0,NA,66,46,11,5,0,NA,0,0,0,0,0,0,0,0,0,0,0,0,0,0,0,0,0,0,NA,NA,NA,NA,NA,NA,0,0,NA,0,0,NA,0,0,NA,0,0,NA,0,0,NA,0,0,NA,NA,NA,NA,0,NA,NA,0,NA,0,NA,NA,NA,NA,NA,NA,NA,NA,3,0.5,0.272727272727273,"MC"
"2673",72,2673,"R",2016,240,14,NA,0,35891,"Smith, Cameron","22 07 23","Masters Tournament","Y ",15.5,"23,400.00",55," T55",74,43,73,33,82,53,74,55,0,0,0,0,73,303,4,55,-9.531,55,0,22,8,51,45,15,22,4,NA,19,38,8,39,299,61,2229,8,33,0,NA,NA,33,56,49,52,0,0,NA,0,NA,0,NA,0,NA,0,NA,0,NA,0,NA,0,"",0,NA,NA,NA,NA,NA,NA,NA,NA,NA,NA,NA,NA,NA,NA,NA,NA,72,39,49,"",0,NA,0,"",NA,0,"",NA,0,NA,0,"",0,0,0,17,33,33,NA,NA,NA,0,0,0,0,0,0,0,0,0,0,0,0,3,7,28,NA,0,0,NA,125,73,25,6,0,NA,0,0,0,0,0,0,0,0,0,0,0,0,0,0,0,0,0,0,NA,NA,NA,NA,NA,NA,0,0,NA,0,0,NA,0,0,NA,0,0,NA,0,0,NA,0,0,NA,NA,NA,NA,0,NA,NA,0,NA,0,NA,NA,NA,NA,NA,NA,NA,NA,8,0.515151515151515,0.421052631578947,"26th-CUTLINE"
"2674",73,2674,"R",2016,240,14,NA,0,27649,"Snedeker, Brandt","35 04 02","Masters Tournament","Y ",72.6,"230,000.00",10," T10",71,13,72,5,74,8,72,10,0,0,0,0,71,289,4,10,-9.531,10,0,22,14,12,44,13,9,1,NA,14,6,11,43,311,31,2201,8,41,0,NA,NA,38,56,26,45,0,0,NA,0,NA,0,NA,0,NA,0,NA,0,NA,0,NA,0,"",0,NA,NA,NA,NA,NA,NA,NA,NA,NA,NA,NA,NA,NA,NA,NA,NA,72,43,30,"",0,NA,0,"",NA,0,"",NA,0,NA,0,"",0,0,0,18,29,8,NA,NA,NA,0,0,0,0,0,0,0,0,0,0,0,0,2,4,16,NA,0,0,NA,117,80,24,3,0,NA,0,0,0,0,0,0,0,0,0,0,0,0,0,0,0,0,0,0,NA,NA,NA,NA,NA,NA,0,0,NA,0,0,NA,0,0,NA,0,0,NA,0,0,NA,0,0,NA,NA,NA,NA,0,NA,NA,0,NA,0,NA,NA,NA,NA,NA,NA,NA,NA,14,0.620689655172414,1,"Top25"
"2675",74,2675,"R",2016,240,14,NA,0,34046,"Spieth, Jordan","22 08 14","Masters Tournament","Y ",270,"880,000.00",2,"  T2",66,1,74,1,73,1,73,2,0,0,0,0,66,286,4,2,-9.531,2,0,22,22,1,36,10,4,3,1,14,6,22,43,348,2,2224,8,36,0,NA,NA,38,56,26,36,0,0,NA,0,NA,0,NA,0,NA,0,NA,0,NA,0,NA,0,"",0,NA,NA,NA,NA,NA,NA,NA,NA,NA,NA,NA,NA,NA,NA,NA,NA,72,43,30,"",0,NA,0,"",NA,0,"",NA,0,NA,0,"",0,0,0,17,29,13,NA,NA,NA,0,0,0,0,0,0,0,0,0,0,0,0,4,7,11,NA,0,0,NA,112,71,37,4,0,NA,0,0,0,0,0,0,0,0,0,0,0,0,0,0,0,0,0,0,NA,NA,NA,NA,NA,NA,0,0,NA,0,0,NA,0,0,NA,0,0,NA,0,0,NA,0,0,NA,NA,NA,NA,0,NA,NA,0,NA,0,NA,NA,NA,NA,NA,NA,NA,NA,22,0.586206896551724,1.57142857142857,"Top25"
"2676",75,2676,"R",2016,240,14,NA,0,21528,"Stenson, Henrik","40 00 05","Masters Tournament","Y ",45,"89,000.00",24," T24",72,21,75,33,78,43,69,24,0,0,0,0,69,294,4,24,-9.531,24,1,2,13,16,41,13,9,4,NA,17,26,14,44,302,50,2269,8,18,0,NA,NA,42,56,5,3,0,0,NA,0,NA,0,NA,0,NA,0,NA,0,NA,0,NA,0,"",0,NA,NA,NA,NA,NA,NA,NA,NA,NA,NA,NA,NA,NA,NA,NA,NA,72,44,25,"",0,NA,0,"",NA,0,"",NA,0,NA,0,"",0,0,0,16,28,18,NA,NA,NA,0,0,0,0,0,0,0,0,0,0,0,0,3,6,16,NA,0,0,NA,124,85,28,7,0,NA,0,0,0,0,0,0,0,0,0,0,0,0,0,0,0,0,0,0,NA,NA,NA,NA,NA,NA,0,0,NA,0,0,NA,0,0,NA,0,0,NA,0,0,NA,0,0,NA,NA,NA,NA,0,NA,NA,0,NA,0,NA,NA,NA,NA,NA,NA,NA,NA,14,0.571428571428571,0.823529411764706,"Top25"
"2677",76,2677,"R",2016,240,14,NA,0,34431,"Streb, Robert","29 00 03","Masters Tournament","Y ",0,"",999," CUT",81,86,75,79,0,0,0,0,0,0,0,0,75,156,2,999,-5.112,999,0,999,3,999,22,8,999,2,1,11,999,3,14,292,96,1150,4,999,0,NA,NA,17,28,999,999,0,0,NA,0,NA,0,NA,0,NA,0,NA,0,NA,0,NA,0,"",0,NA,NA,NA,NA,NA,NA,NA,NA,NA,NA,NA,NA,NA,NA,NA,NA,36,14,999,"",0,NA,0,"",NA,0,"",NA,0,NA,0,"",0,0,0,11,22,999,NA,NA,NA,0,0,0,0,0,0,0,0,0,0,0,0,0,5,999,NA,0,0,NA,59,25,16,3,0,NA,0,0,0,0,0,0,0,0,0,0,0,0,0,0,0,0,0,0,NA,NA,NA,NA,NA,NA,0,0,NA,0,0,NA,0,0,NA,0,0,NA,0,0,NA,0,0,NA,NA,NA,NA,0,NA,NA,0,NA,0,NA,NA,NA,NA,NA,NA,NA,NA,3,0.5,0.272727272727273,"MC"
"2678",77,2678,"R",2016,240,14,NA,0,27214,"Streelman, Kevin","37 05 06","Masters Tournament","Y ",36,"56,500.00",34," T34",71,13,75,23,79,43,71,34,0,0,0,0,71,296,4,34,-9.531,34,1,2,11,31,42,15,22,3,NA,18,32,10,42,303,46,2282,8,16,0,NA,NA,46,56,1,2,0,0,NA,0,NA,0,NA,0,NA,0,NA,0,NA,0,NA,0,"",0,NA,NA,NA,NA,NA,NA,NA,NA,NA,NA,NA,NA,NA,NA,NA,NA,72,43,30,"",0,NA,0,"",NA,0,"",NA,0,NA,0,"",0,0,0,13,29,48,NA,NA,NA,0,0,0,0,0,0,0,0,0,0,0,0,5,10,16,NA,0,0,NA,115,76,26,3,0,NA,0,0,0,0,0,0,0,0,0,0,0,0,0,0,0,0,0,0,NA,NA,NA,NA,NA,NA,0,0,NA,0,0,NA,0,0,NA,0,0,NA,0,0,NA,0,0,NA,NA,NA,NA,0,NA,NA,0,NA,0,NA,NA,NA,NA,NA,NA,NA,NA,12,0.448275862068966,0.666666666666667,"26th-CUTLINE"
"2679",78,2679,"R",2016,240,14,NA,0,35314,"Sullivan, Andy","29 10 22","Masters Tournament","Y ",0,"",999," CUT",80,81,77,81,0,0,0,0,0,0,0,0,77,157,2,999,-5.112,999,0,999,NA,999,25,9,999,2,NA,11,999,0,20,281,213,1071,4,999,0,NA,NA,19,28,999,999,0,0,NA,0,NA,0,NA,0,NA,0,NA,0,NA,0,NA,0,"",0,NA,NA,NA,NA,NA,NA,NA,NA,NA,NA,NA,NA,NA,NA,NA,NA,36,20,999,"",0,NA,0,"",NA,0,"",NA,0,NA,0,"",0,0,0,7,16,999,NA,NA,NA,0,0,0,0,0,0,0,0,0,0,0,0,4,4,999,NA,0,0,NA,66,42,9,3,0,NA,0,0,0,0,0,0,0,0,0,0,0,0,0,0,0,0,0,0,NA,NA,NA,NA,NA,NA,0,0,NA,0,0,NA,0,0,NA,0,0,NA,0,0,NA,0,0,NA,NA,NA,NA,0,NA,NA,0,NA,0,NA,NA,NA,NA,NA,NA,NA,NA,NA,0.4375,NA,"MC"
"2680",79,2680,"R",2016,240,14,NA,0,23325,"Taylor, Vaughn","40 01 01","Masters Tournament","Y ",0,"",999," CUT",74,43,77,58,0,0,0,0,0,0,0,0,74,151,2,999,-5.112,999,0,999,5,999,22,6,999,3,NA,9,999,5,18,288,134,1094,4,999,0,NA,NA,17,28,999,999,0,0,NA,0,NA,0,NA,0,NA,0,NA,0,NA,0,NA,0,"",0,NA,NA,NA,NA,NA,NA,NA,NA,NA,NA,NA,NA,NA,NA,NA,NA,36,18,999,"",0,NA,0,"",NA,0,"",NA,0,NA,0,"",0,0,0,11,18,999,NA,NA,NA,0,0,0,0,0,0,0,0,0,0,0,0,1,2,999,NA,0,0,NA,60,34,16,4,0,NA,0,0,0,0,0,0,0,0,0,0,0,0,0,0,0,0,0,0,NA,NA,NA,NA,NA,NA,0,0,NA,0,0,NA,0,0,NA,0,0,NA,0,0,NA,0,0,NA,NA,NA,NA,0,NA,NA,0,NA,0,NA,NA,NA,NA,NA,NA,NA,NA,5,0.611111111111111,0.555555555555556,"MC"
"2681",80,2681,"R",2016,240,14,NA,0,33448,"Thomas, Justin","22 11 12","Masters Tournament","Y ",31,"46,000.00",39," T39",76,59,73,47,78,50,71,39,0,0,0,0,71,298,4,39,-9.531,39,0,22,8,51,47,16,28,1,NA,17,26,8,46,339,9,2223,8,37,0,NA,NA,34,56,45,52,0,0,NA,0,NA,0,NA,0,NA,0,NA,0,NA,0,NA,0,"",0,NA,NA,NA,NA,NA,NA,NA,NA,NA,NA,NA,NA,NA,NA,NA,NA,72,46,11,"",0,NA,0,"",NA,0,"",NA,0,NA,0,"",0,0,0,17,26,4,NA,NA,NA,0,0,0,0,0,0,0,0,0,0,0,0,5,6,3,NA,0,0,NA,127,94,26,8,0,NA,0,0,0,0,0,0,0,0,0,0,0,0,0,0,0,0,0,0,NA,NA,NA,NA,NA,NA,0,0,NA,0,0,NA,0,0,NA,0,0,NA,0,0,NA,0,0,NA,NA,NA,NA,0,NA,NA,0,NA,0,NA,NA,NA,NA,NA,NA,NA,NA,8,0.653846153846154,0.470588235294118,"26th-CUTLINE"
"2682",81,2682,"R",2016,240,14,NA,0,25632,"Walker, Jimmy","37 02 25","Masters Tournament","Y ",40,"68,000.00",29," T29",71,13,75,23,74,16,75,29,0,0,0,0,71,295,4,29,-9.531,29,0,22,12,22,41,19,48,NA,NA,19,38,12,45,324,18,2319,8,7,0,NA,NA,35,56,43,17,0,0,NA,0,NA,0,NA,0,NA,0,NA,0,NA,0,NA,0,"",0,NA,NA,NA,NA,NA,NA,NA,NA,NA,NA,NA,NA,NA,NA,NA,NA,72,45,21,"",0,NA,0,"",NA,0,"",NA,0,NA,0,"",0,0,0,12,27,49,NA,NA,NA,0,0,0,0,0,0,0,0,0,0,0,0,4,11,38,NA,0,0,NA,125,85,24,5,0,NA,0,0,0,0,0,0,0,0,0,0,0,0,0,0,0,0,0,0,NA,NA,NA,NA,NA,NA,0,0,NA,0,0,NA,0,0,NA,0,0,NA,0,0,NA,0,0,NA,NA,NA,NA,0,NA,NA,0,NA,0,NA,NA,NA,NA,NA,NA,NA,NA,12,0.444444444444444,0.631578947368421,"26th-CUTLINE"
"2683",82,2683,"R",2016,240,14,NA,0,25804,"Watson, Bubba","37 05 05","Masters Tournament","Y ",33.5,"50,250.00",37," T37",75,54,75,57,76,48,71,37,0,0,0,0,71,297,4,37,-9.531,37,0,22,12,22,40,19,48,1,NA,20,44,12,42,341,5,2348,8,4,0,NA,NA,36,56,39,13,0,0,NA,0,NA,0,NA,0,NA,0,NA,0,NA,0,NA,0,"",0,NA,NA,NA,NA,NA,NA,NA,NA,NA,NA,NA,NA,NA,NA,NA,NA,72,42,37,"",0,NA,0,"",NA,0,"",NA,0,NA,0,"",0,0,0,15,30,34,NA,NA,NA,0,0,0,0,0,0,0,0,0,0,0,0,4,11,38,NA,0,0,NA,119,80,31,6,0,NA,0,0,0,0,0,0,0,0,0,0,0,0,0,0,0,0,0,0,NA,NA,NA,NA,NA,NA,0,0,NA,0,0,NA,0,0,NA,0,0,NA,0,0,NA,0,0,NA,NA,NA,NA,0,NA,NA,0,NA,0,NA,NA,NA,NA,NA,NA,NA,NA,12,0.5,0.6,"26th-CUTLINE"
"2684",83,2684,"R",2016,240,14,NA,0,2256,"Watson, Tom","66 07 06","Masters Tournament","Y ",0,"",999," CUT",74,43,78,63,0,0,0,0,0,0,0,0,74,152,2,999,-5.112,999,0,999,2,999,24,10,999,NA,NA,10,999,2,19,264,449,987,4,999,0,NA,NA,22,28,999,999,0,0,NA,0,NA,0,NA,0,NA,0,NA,0,NA,0,NA,0,"",0,NA,NA,NA,NA,NA,NA,NA,NA,NA,NA,NA,NA,NA,NA,NA,NA,36,19,999,"",0,NA,0,"",NA,0,"",NA,0,NA,0,"",0,0,0,8,17,999,NA,NA,NA,0,0,0,0,0,0,0,0,0,0,0,0,2,4,999,NA,0,0,NA,63,37,10,1,0,NA,0,0,0,0,0,0,0,0,0,0,0,0,0,0,0,0,0,0,NA,NA,NA,NA,NA,NA,0,0,NA,0,0,NA,0,0,NA,0,0,NA,0,0,NA,0,0,NA,NA,NA,NA,0,NA,NA,0,NA,0,NA,NA,NA,NA,NA,NA,NA,NA,2,0.470588235294118,0.2,"MC"
"2685",84,2685,"R",2016,240,14,NA,0,10423,"Weir, Mike","45 10 29","Masters Tournament","Y ",0,"",999," CUT",76,59,78,77,0,0,0,0,0,0,0,0,76,154,2,999,-5.112,999,0,999,4,999,20,10,999,2,NA,12,999,4,15,273,348,1014,4,999,0,NA,NA,14,28,999,999,0,0,NA,0,NA,0,NA,0,NA,0,NA,0,NA,0,NA,0,"",0,NA,NA,NA,NA,NA,NA,NA,NA,NA,NA,NA,NA,NA,NA,NA,NA,36,15,999,"",0,NA,0,"",NA,0,"",NA,0,NA,0,"",0,0,0,10,21,999,NA,NA,NA,0,0,0,0,0,0,0,0,0,0,0,0,4,6,999,NA,0,0,NA,59,27,16,3,0,NA,0,0,0,0,0,0,0,0,0,0,0,0,0,0,0,0,0,0,NA,NA,NA,NA,NA,NA,0,0,NA,0,0,NA,0,0,NA,0,0,NA,0,0,NA,0,0,NA,NA,NA,NA,0,NA,NA,0,NA,0,NA,NA,NA,NA,NA,NA,NA,NA,4,0.476190476190476,0.333333333333333,"MC"
"2686",85,2686,"R",2016,240,14,NA,0,20396,"Westwood, Lee","42 11 17","Masters Tournament","Y ",0,"880,000.00",2,"  T2",71,13,75,23,71,8,69,2,0,0,0,0,69,286,4,2,-9.531,2,1,2,16,5,39,16,28,NA,NA,16,17,16,50,318,24,2262,8,22,0,NA,NA,32,56,54,50,0,0,NA,0,NA,0,NA,0,NA,0,NA,0,NA,0,NA,0,"",0,NA,NA,NA,NA,NA,NA,NA,NA,NA,NA,NA,NA,NA,NA,NA,NA,72,51,3,"",0,NA,0,"",NA,0,"",NA,0,NA,0,"",0,0,0,10,21,43,NA,NA,NA,0,0,0,0,0,0,0,0,0,0,0,0,3,7,28,NA,0,0,NA,123,92,24,5,0,NA,0,0,0,0,0,0,0,0,0,0,0,0,0,0,0,0,0,0,NA,NA,NA,NA,NA,NA,0,0,NA,0,0,NA,0,0,NA,0,0,NA,0,0,NA,0,0,NA,NA,NA,NA,0,NA,NA,0,NA,0,NA,NA,NA,NA,NA,NA,NA,NA,17,0.476190476190476,1.0625,"Top25"
"2687",86,2687,"R",2016,240,14,NA,0,29454,"Wiesberger, Bernd","30 06 02","Masters Tournament","Y ",0,"56,500.00",34," T34",73,34,72,15,79,38,72,34,0,0,0,0,72,296,4,34,-9.531,34,0,22,9,48,48,13,9,2,NA,15,10,9,48,296,77,2192,8,44,0,NA,NA,37,56,34,51,0,0,NA,0,NA,0,NA,0,NA,0,NA,0,NA,0,NA,0,"",0,NA,NA,NA,NA,NA,NA,NA,NA,NA,NA,NA,NA,NA,NA,NA,NA,72,48,6,"",0,NA,0,"",NA,0,"",NA,0,NA,0,"",0,0,0,14,24,15,NA,NA,NA,0,0,0,0,0,0,0,0,0,0,0,0,2,5,32,NA,0,0,NA,126,94,24,5,0,NA,0,0,0,0,0,0,0,0,0,0,0,0,0,0,0,0,0,0,NA,NA,NA,NA,NA,NA,0,0,NA,0,0,NA,0,0,NA,0,0,NA,0,0,NA,0,0,NA,NA,NA,NA,0,NA,NA,0,NA,0,NA,NA,NA,NA,NA,NA,NA,NA,9,0.583333333333333,0.6,"26th-CUTLINE"
"2688",87,2688,"R",2016,240,14,NA,0,32139,"Willett, Danny","28 06 07","Masters Tournament","Y ",0,"1,800,000.00",1,"1",70,9,74,8,72,5,67,1,0,0,0,0,67,283,4,1,-9.531,1,0,22,13,16,51,8,1,NA,NA,8,1,12,48,324,18,2230,8,32,0,NA,NA,38,56,26,30,0,0,NA,0,NA,0,NA,0,NA,0,NA,0,NA,0,NA,0,"",0,NA,NA,NA,NA,NA,NA,NA,NA,NA,NA,NA,NA,NA,NA,NA,NA,72,48,6,"",0,NA,0,"",NA,0,"",NA,0,NA,0,"",0,0,0,17,24,1,NA,NA,NA,0,0,0,0,0,0,0,0,0,0,0,0,0,2,55,NA,0,0,NA,114,87,29,1,0,NA,0,0,0,0,0,0,0,0,0,0,0,0,0,0,0,0,0,0,NA,NA,NA,NA,NA,NA,0,0,NA,0,0,NA,0,0,NA,0,0,NA,0,0,NA,0,0,NA,NA,NA,NA,0,NA,NA,0,NA,0,NA,NA,NA,NA,NA,NA,NA,NA,13,0.708333333333333,1.625,"Top25"
"2689",88,2689,"R",2016,240,14,NA,0,22000,"Wood, Chris","28 04 15","Masters Tournament","Y ",0,"37,000.00",42," T42",72,21,73,15,75,16,79,42,0,0,0,0,72,299,4,42,-9.531,42,0,22,10,41,44,16,28,1,1,18,32,10,40,302,50,2201,8,41,0,NA,NA,33,56,49,55,0,0,NA,0,NA,0,NA,0,NA,0,NA,0,NA,0,NA,0,"",0,NA,NA,NA,NA,NA,NA,NA,NA,NA,NA,NA,NA,NA,NA,NA,NA,72,40,46,"",0,NA,0,"",NA,0,"",NA,0,NA,0,"",0,0,0,18,32,19,NA,NA,NA,0,0,0,0,0,0,0,0,0,0,0,0,5,8,8,NA,0,0,NA,121,76,28,5,0,NA,0,0,0,0,0,0,0,0,0,0,0,0,0,0,0,0,0,0,NA,NA,NA,NA,NA,NA,0,0,NA,0,0,NA,0,0,NA,0,0,NA,0,0,NA,0,0,NA,NA,NA,NA,0,NA,NA,0,NA,0,NA,NA,NA,NA,NA,NA,NA,NA,10,0.5625,0.555555555555556,"26th-CUTLINE"
"2690",89,2690,"R",2016,240,14,NA,0,2300,"Woosnam, Ian","58 01 08","Masters Tournament","Y ",0,"",999," CUT",82,88,81,88,0,0,0,0,0,0,0,0,81,163,2,999,-5.112,999,0,999,1,999,17,16,999,2,NA,18,999,1,18,278,270,1045,4,999,0,NA,NA,16,28,999,999,0,0,NA,0,NA,0,NA,0,NA,0,NA,0,NA,0,NA,0,"",0,NA,NA,NA,NA,NA,NA,NA,NA,NA,NA,NA,NA,NA,NA,NA,NA,36,18,999,"",0,NA,0,"",NA,0,"",NA,0,NA,0,"",0,0,0,3,18,999,NA,NA,NA,0,0,0,0,0,0,0,0,0,0,0,0,0,4,999,NA,0,0,NA,69,38,7,4,0,NA,0,0,0,0,0,0,0,0,0,0,0,0,0,0,0,0,0,0,NA,NA,NA,NA,NA,NA,0,0,NA,0,0,NA,0,0,NA,0,0,NA,0,0,NA,0,0,NA,NA,NA,NA,0,NA,NA,0,NA,0,NA,NA,NA,NA,NA,NA,NA,NA,1,0.166666666666667,0.0555555555555556,"MC"
